sequence_id	sequence	rev_comp	productive	v_call	d_call	j_call	sequence_alignment	germline_alignment	junction	junction_aa	v_cigar	d_cigar	j_cigar	stop_codon	vj_in_frame	locus	junction_length	np1_length	np2_length	v_sequence_start	v_sequence_end	v_germline_start	v_germline_end	d_sequence_start	d_sequence_end	d_germline_start	d_germline_end	j_sequence_start	j_sequence_end	j_germline_start	j_germline_end	seqorient	isotype
clonotype41_consensus_1	ATATGAGCCCTATATTCTCTACAGACACTGAATCTCAAGGTCCTTACAATGAAATTCAGCTGGGTCATCTTCTTCCTGATGGCAGTGGTTACAGGGGTCAATTCAGAGGTTCAGCTGCAGCAGTCTGTGGCAGAGCTTGTGAGGCCAGGGGCCTCAGTCAAGTTGTCCTGCACAGCTTCTGGCTTCAACATTAAAAACACCTATATGCACTGGGTGAAGCAGAGGCCTGAACAGGGCCTGGAGTGGATTGGAAGGATTGATCCTGCGAATGGTAATACTAAATATGCCCCGAAGTTCCAGGGCAAGGCCACTATAACTGCAGACACATCCTCCAACACAGCCTACCTGCAGCTCAGCAGCCTGACATCTGAGGACACTGCCATCTATTACTGTGCTAGACGGTTTTATGATTACCTCTGGGGTCAAGGAACCTCAGTCACCGTCTCCTCANNNNNNNNNNNNNNNNNNNNNNNNNNNNNNNNNNNNNNNN	F	T	IGHV14-3*01	IGHD2-4*01,IGHD2-9*02	IGHJ4*01	GAGGTTCAGCTGCAGCAGTCTGTGGCA...GAGCTTGTGAGGCCAGGGGCCTCAGTCAAGTTGTCCTGCACAGCTTCTGGCTTCAACATT............AAAAACACCTATATGCACTGGGTGAAGCAGAGGCCTGAACAGGGCCTGGAGTGGATTGGAAGGATTGATCCTGCG......AATGGTAATACTAAATATGCCCCGAAGTTCCAG...GGCAAGGCCACTATAACTGCAGACACATCCTCCAACACAGCCTACCTGCAGCTCAGCAGCCTGACATCTGAGGACACTGCCATCTATTACTGTGCTAGACGGTTTTATGATTACCTCTGGGGTCAAGGAACCTCAGTCACCGTCTCCTCA	GAGGTTCAGCTGCAGCAGTCTGTGGCA...GAGCTTGTGAGGCCAGGGGCCTCAGTCAAGTTGTCCTGCACAGCTTCTGGCTTCAACATT............AAAAACACCTATATGCACTGGGTGAAGCAGAGGCCTGAACAGGGCCTGGAGTGGATTGGAAGGATTGATCCTGCG......AATGGTAATACTAAATATGCCCCGAAGTTCCAG...GGCAAGGCCACTATAACTGCAGACACATCCTCCAACACAGCCTACCTGCAGCTCAGCAGCCTGACATCTGAGGACACTGCCATCTATTACTGTGCTAGANNNNNNTATGATTACNNCTGGGGTCAAGGAACCTCAGTCACCGTCTCCTCA	TGTGCTAGACGGTTTTATGATTACCTCTGG	CARRFYDYLW	105S294=	405S5N9=	416S19N34=	F	T	IGH	30	6	2	106	399	1	318	406	414	6	14	417	450	20	53	F	IGHM
clonotype795_consensus_1	GGGGAATCTCAAGGTCCTTACAATGAAATGCAGCTGGATCATCTTCTTCCTGATGGCAGTGGTTACAGGGGTCAATTCAGAGGTTCAGCTGCAGCAGTCTGGGGCAGAGCTTGTGAAGCCAGGGGCCTCAGTCAAGTTGTCCTGCACAGCTTCTGGCTTCAACATTAAAGACTACTATATGCACTGGGTGAAGCAGAGGACTGAACAGGGCCTGGAGTGGATTGGAAGGATTGATCCTGAGGATGGTGAAACTAAATATGCCCCGAAATTCCAGGGCAAGGCCACTATAACAGCAGACACATCCTCCAACACAGCCTACCTGCAGCTCAGCAGCCTGACATCTGAGGACACTGCCGTCTATTACTGTGCTAGATCGGGGGGTAACTACGACTACTGGGGCCAAGGCACCACTCTCACAGTCTCCTCANNNNNNNNNNNNNNNNNNNNNNNNNNNNNNNNNNNNNNNN	F	T	IGHV14-2*01	IGHD2-1*01,IGHD2-10*01,IGHD2-10*02	IGHJ2*01	GAGGTTCAGCTGCAGCAGTCTGGGGCA...GAGCTTGTGAAGCCAGGGGCCTCAGTCAAGTTGTCCTGCACAGCTTCTGGCTTCAACATT............AAAGACTACTATATGCACTGGGTGAAGCAGAGGACTGAACAGGGCCTGGAGTGGATTGGAAGGATTGATCCTGAG......GATGGTGAAACTAAATATGCCCCGAAATTCCAG...GGCAAGGCCACTATAACAGCAGACACATCCTCCAACACAGCCTACCTGCAGCTCAGCAGCCTGACATCTGAGGACACTGCCGTCTATTACTGTGCTAGATCGGGGGGTAACTACGACTACTGGGGCCAAGGCACCACTCTCACAGTCTCCTCA	GAGGTTCAGCTGCAGCAGTCTGGGGCA...GAGCTTGTGAAGCCAGGGGCCTCAGTCAAGTTGTCCTGCACAGCTTCTGGCTTCAACATT............AAAGACTACTATATGCACTGGGTGAAGCAGAGGACTGAACAGGGCCTGGAGTGGATTGGAAGGATTGATCCTGAG......GATGGTGAAACTAAATATGCCCCGAAATTCCAG...GGCAAGGCCACTATAACAGCAGACACATCCTCCAACACAGCCTACCTGCAGCTCAGCAGCCTGACATCTGAGGACACTGCCGTCTATTACTGTGCTAGANNNNNNGGTAACTACGACTACTGGGGCCAAGGCACCACTCTCACAGTCTCCTCA	TGTGCTAGATCGGGGGGTAACTACGACTACTGG	CARSGGNYDYW	79S294=	379S8N9=	388S8N39=	F	T	IGH	33	6	0	80	373	1	318	380	388	9	17	389	427	9	47	F	IGHM
clonotype849_consensus_1	ATCAGGACTGAACACAGACCAGTCACCATGTACTTCAGGCTCAGCTCAGTTTTTCTTGTTCTTATTTTAAAAGGAGTCCAGTGTGAAGTGAAGCTGGTGGAGTCTGAGGGAGGCTTAGTGCAGCCTGGAAGTTCCATGAAACTCTCCTGCACAGCCTCTGGATTCACTTTCAGTGACTATTACATGGCTTGGGTCCGCCAGGTTCCAGAAAAGGGTCTAGAATGGGTTGCAAACATTAATTATGATGGTAGTAGCACCTACTATCTGGACTCCTTGAAGAGCCGTTTCATCATCTCGAGAGACAATGCAAAGAACATTCTATACCTGCAAATGAGCAGTCTGAAGTCTGAGGACACAGCCACGTATTACTGTGCAAGGGGTGGTTACTTCTTTGACTACTGGGGCCAAGGCACCACTCTCACAGTCTCCTCANNNNNNNNNNNNNNNNNNNNNNNNNNNNNNNNNNNNNNNN	F	T	IGHV5-16*01	IGHD1-1*02	IGHJ2*01	GAAGTGAAGCTGGTGGAGTCTGAGGGA...GGCTTAGTGCAGCCTGGAAGTTCCATGAAACTCTCCTGCACAGCCTCTGGATTCACTTTC............AGTGACTATTACATGGCTTGGGTCCGCCAGGTTCCAGAAAAGGGTCTAGAATGGGTTGCAAACATTAATTATGAT......GGTAGTAGCACCTACTATCTGGACTCCTTGAAG...AGCCGTTTCATCATCTCGAGAGACAATGCAAAGAACATTCTATACCTGCAAATGAGCAGTCTGAAGTCTGAGGACACAGCCACGTATTACTGTGCAAGGGGTGGTTACTTCTTTGACTACTGGGGCCAAGGCACCACTCTCACAGTCTCCTCA	GAAGTGAAGCTGGTGGAGTCTGAGGGA...GGCTTAGTGCAGCCTGGAAGTTCCATGAAACTCTCCTGCACAGCCTCTGGATTCACTTTC............AGTGACTATTACATGGCTTGGGTCCGCCAGGTTCCAGAAAAGGGTCTAGAATGGGTTGCAAACATTAATTATGAT......GGTAGTAGCACCTACTATCTGGACTCCTTGAAG...AGCCGTTTCATCATCTCGAGAGACAATGCAAAGAACATTCTATACCTGCAAATGAGCAGTCTGAAGTCTGAGGACACAGCCACGTATTACTGTGCAAGNGGTGGTNACTACTTTGACTACTGGGGCCAAGGCACCACTCTCACAGTCTCCTCA	TGTGCAAGGGGTGGTTACTTCTTTGACTACTGG	CARGGYFFDYW	84S293=	378S11N6=	385S3=1X43=	F	T	IGH	33	1	1	85	377	1	317	379	384	12	17	386	432	1	47	F	IGHM
clonotype954_consensus_1	TGGGGAACATAGACTCTAACCATGGAATGGACCTGGGTCTTTCTCTTCCTCCTGTCAGTAACTGCAGGTGTCCACTCCCAGGTTCAGCTGCAGCAGTCTGGAGCTGAGCTGATGAAGCCTGGGGCCTCAGTGAAGCTTTCCTGCAAGGCTACTGGCTACACATTCACTGGCTACTGGATAGAGTGGGTAAAGCAGAGGCCTGGACATGGCCTTGAGTGGATTGGAGAGATTTTACCTGGAAGTGGTAGTACTAACTACAATGAGAAGTTCAAGGGCAAGGCCACATTCACTGCAGATACATCCTCCAACACAGCCTACATGCAACTCAGCAGCCTGACAACTGAGGACTCTGCCATCTATTACTGTGCAAGAGAACTACGTTCTATGGACTACTGGGGTCAAGGAACCTCAGTCACCGTCTCCTCANNNNNNNNNNNNNNNNNNNNNNNNNNNNNNNNNNNNNNNN	F	T	IGHV1-9*01	IGHD1-1*01,IGHD1-2*01,IGHD2-1*01	IGHJ4*01	CAGGTTCAGCTGCAGCAGTCTGGAGCT...GAGCTGATGAAGCCTGGGGCCTCAGTGAAGCTTTCCTGCAAGGCTACTGGCTACACATTC............ACTGGCTACTGGATAGAGTGGGTAAAGCAGAGGCCTGGACATGGCCTTGAGTGGATTGGAGAGATTTTACCTGGA......AGTGGTAGTACTAACTACAATGAGAAGTTCAAG...GGCAAGGCCACATTCACTGCAGATACATCCTCCAACACAGCCTACATGCAACTCAGCAGCCTGACAACTGAGGACTCTGCCATCTATTACTGTGCAAGAGAACTACGTTCTATGGACTACTGGGGTCAAGGAACCTCAGTCACCGTCTCCTCA	CAGGTTCAGCTGCAGCAGTCTGGAGCT...GAGCTGATGAAGCCTGGGGCCTCAGTGAAGCTTTCCTGCAAGGCTACTGGCTACACATTC............ACTGGCTACTGGATAGAGTGGGTAAAGCAGAGGCCTGGACATGGCCTTGAGTGGATTGGAGAGATTTTACCTGGA......AGTGGTAGTACTAACTACAATGAGAAGTTCAAG...GGCAAGGCCACATTCACTGCAGATACATCCTCCAACACAGCCTACATGCAACTCAGCAGCCTGACAACTGAGGACTCTGCCATCTATTACTGTGCAAGANNACTACGNNCTATGGACTACTGGGGTCAAGGAACCTCAGTCACCGTCTCCTCA	TGTGCAAGAGAACTACGTTCTATGGACTACTGG	CARELRSMDYW	78S294=	374S6N6=	382S9N44=	F	T	IGH	33	2	2	79	372	1	318	375	380	7	12	383	426	10	53	F	IGHM
clonotype983_consensus_1	GCATAAGATCACTGTTCTCTCTACAGTTACTGAGCACACAGGATCTCACCATGGGATGGAGCTGTATCATCCTCTTTTTGGTAGCAACAGCTACAGGTGTCCACTCCCAGGTCCAACTGCAGCAGCCTGGGGCTGAGCTGGTGAGGCCTGGGTCTTCAGTGAAGCTGTCCTGCAAGGCTTCTGGCTACACCTTCACCAGCTACTGGATGGATTGGGTGAAGCAGAGGCCTGGACAAGGCCTTGAATGGATTGGTAACATTTACCCTTCTGATAGTGAAACTCACTACAATCAAAAGTTCAAGGACAAGGCCACATTGACTGTAGACAAATCCTCCAGCACAGCCTACATGCAGCTCAGCAGCCTGACATCTGAGGACTCTGCGGTCTATTACTGTGCAAGAGAGGACTACGGTATGGACTACTGGGGTCAAGGAACCTCAGTCACCGTCTCCTCANNNNNNNNNNNNNNNNNNNNNNNNNNNNNNNNNNNNNNNN	F	T	IGHV1-61*01		IGHJ4*01	CAGGTCCAACTGCAGCAGCCTGGGGCT...GAGCTGGTGAGGCCTGGGTCTTCAGTGAAGCTGTCCTGCAAGGCTTCTGGCTACACCTTC............ACCAGCTACTGGATGGATTGGGTGAAGCAGAGGCCTGGACAAGGCCTTGAATGGATTGGTAACATTTACCCTTCT......GATAGTGAAACTCACTACAATCAAAAGTTCAAG...GACAAGGCCACATTGACTGTAGACAAATCCTCCAGCACAGCCTACATGCAGCTCAGCAGCCTGACATCTGAGGACTCTGCGGTCTATTACTGTGCAAGAGAGGACTACGGTATGGACTACTGGGGTCAAGGAACCTCAGTCACCGTCTCCTCA	CAGGTCCAACTGCAGCAGCCTGGGGCT...GAGCTGGTGAGGCCTGGGTCTTCAGTGAAGCTGTCCTGCAAGGCTTCTGGCTACACCTTC............ACCAGCTACTGGATGGATTGGGTGAAGCAGAGGCCTGGACAAGGCCTTGAATGGATTGGTAACATTTACCCTTCT......GATAGTGAAACTCACTACAATCAAAAGTTCAAG...GACAAGGCCACATTGACTGTAGACAAATCCTCCAGCACAGCCTACATGCAGCTCAGCAGCCTGACATCTGAGGACTCTGCGGTCTATTACTGTGCAAGANNNNACTATGCTATGGACTACTGGGGTCAAGGAACCTCAGTCACCGTCTCCTCA	TGTGCAAGAGAGGACTACGGTATGGACTACTGG	CAREDYGMDYW	107S294=		405S3N4=1X1=1X43=	F	T	IGH	33	4		108	401	1	318					406	455	4	53	F	IGHM
clonotype1041_consensus_1	GAGCATATGACCCCTGTCTTCTCCACAGTCCCTGAACACACTGACTCTAACCATGGAATGGCCTTTGATCTTTCTCTTCCTCCTGTCAGGAACTGCAGGTGTCCAATCCCAGGTTCAGCTGCAGCAGTCTGGGGCTGAGCTGGTGAAGCCTGGGGCCTCAGTGAAGATTTCCTGCAAAGCTTCTGGCTACGCATTCAGTAGCTACTGGATGAACTGGGTGAAGCAGAGGCCTGGAAAGGGTCTTGAGTGGATTGGACAGATTTATCCTGGAGATGGTGATACTAACTACAACGGAAAGTTCAAGGGCAAGGCCACACTGACTGCAGACAAATCCTCCAGCACAGCCTACATGCAGCTCAGCAGCCTGACCTCTGAGGACTCTGCGGTCTATTTCTGTGCAAGATCAAACTGGGGGTACTTTGACTACTGGGGCCAAGGCACCACTCTCACAGTCTCCTCANNNNNNNNNNNNNNNNNNNNNNNNNNNNNNNNNNNNNNNN	F	T	IGHV1-80*01	IGHD4-1*01,IGHD4-1*02	IGHJ2*01	CAGGTTCAGCTGCAGCAGTCTGGGGCT...GAGCTGGTGAAGCCTGGGGCCTCAGTGAAGATTTCCTGCAAAGCTTCTGGCTACGCATTC............AGTAGCTACTGGATGAACTGGGTGAAGCAGAGGCCTGGAAAGGGTCTTGAGTGGATTGGACAGATTTATCCTGGA......GATGGTGATACTAACTACAACGGAAAGTTCAAG...GGCAAGGCCACACTGACTGCAGACAAATCCTCCAGCACAGCCTACATGCAGCTCAGCAGCCTGACCTCTGAGGACTCTGCGGTCTATTTCTGTGCAAGATCAAACTGGGGGTACTTTGACTACTGGGGCCAAGGCACCACTCTCACAGTCTCCTCA	CAGGTTCAGCTGCAGCAGTCTGGGGCT...GAGCTGGTGAAGCCTGGGGCCTCAGTGAAGATTTCCTGCAAAGCTTCTGGCTACGCATTC............AGTAGCTACTGGATGAACTGGGTGAAGCAGAGGCCTGGAAAGGGTCTTGAGTGGATTGGACAGATTTATCCTGGA......GATGGTGATACTAACTACAACGGAAAGTTCAAG...GGCAAGGCCACACTGACTGCAGACAAATCCTCCAGCACAGCCTACATGCAGCTCAGCAGCCTGACCTCTGAGGACTCTGCGGTCTATTTCTGTGCAAGANNNAACTGGGNNTACTTTGACTACTGGGGCCAAGGCACCACTCTCACAGTCTCCTCA	TGTGCAAGATCAAACTGGGGGTACTTTGACTACTGG	CARSNWGYFDYW	109S294=	406S2N7=	415S2N45=	F	T	IGH	36	3	2	110	403	1	318	407	413	3	9	416	460	3	47	F	IGHM
clonotype1168_consensus_1	GAACATATGTACAATGTCCTCACCACAGACACTGAACACACTGACTCTAACCATGGGATGGAGCTGGATCTTTCTCTTTCTCCTGTCAGGAACTGCAGGTGTCCTCTCTGAGGTCCAGCTGCAACAATCTGGACCTGAGCTGGTGAAGCCTGGGGCTTCAGTGAAGATATCCTGTAAGGCTTCTGGATACACGTTCACTGACTACTACATGAACTGGGTGAAGCAGAGCCATGGAAAGAGCCTTGAGTGGATTGGAGATATTAATCCTAACAATGGTGGTACTAGCTACAACCAGAAGTTCAAGGGCAAGGCCACATTGACTGTAGACAAGTCCTCCAGCACAGCCTACATGGAGCTCCGCAGCCTGACATCTGAGGACTCTGCAGTCTATTACTGTGCCTATAGTAACTACGGCTACTTTGACTACTGGGGCCAAGGCACCACTCTCACAGTCTCCTCANNNNNNNNNNNNNNNNNNNNNNNNNNNNNNNNNNNNNNNN	F	T	IGHV1-26*01	IGHD2-5*01,IGHD2-6*01	IGHJ2*01	GAGGTCCAGCTGCAACAATCTGGACCT...GAGCTGGTGAAGCCTGGGGCTTCAGTGAAGATATCCTGTAAGGCTTCTGGATACACGTTC............ACTGACTACTACATGAACTGGGTGAAGCAGAGCCATGGAAAGAGCCTTGAGTGGATTGGAGATATTAATCCTAAC......AATGGTGGTACTAGCTACAACCAGAAGTTCAAG...GGCAAGGCCACATTGACTGTAGACAAGTCCTCCAGCACAGCCTACATGGAGCTCCGCAGCCTGACATCTGAGGACTCTGCAGTCTATTACTGTGCCTATAGTAACTACGGCTACTTTGACTACTGGGGCCAAGGCACCACTCTCACAGTCTCCTCA	GAGGTCCAGCTGCAACAATCTGGACCT...GAGCTGGTGAAGCCTGGGGCTTCAGTGAAGATATCCTGTAAGGCTTCTGGATACACGTTC............ACTGACTACTACATGAACTGGGTGAAGCAGAGCCATGGAAAGAGCCTTGAGTGGATTGGAGATATTAATCCTAAC......AATGGTGGTACTAGCTACAACCAGAAGTTCAAG...GGCAAGGCCACATTGACTGTAGACAAGTCCTCCAGCACAGCCTACATGGAGCTCCGCAGCCTGACATCTGAGGACTCTGCAGTCTATTACTGTGCCTATAGTAACTACNNCTACTTTGACTACTGGGGCCAAGGCACCACTCTCACAGTCTCCTCA	TGTGCCTATAGTAACTACGGCTACTTTGACTACTGG	CAYSNYGYFDYW	109S290=	399S4N13=	414S1N46=	F	T	IGH	36	0	2	110	399	1	314	400	412	5	17	415	460	2	47	F	IGHM
clonotype1214_consensus_1	GAACATATGTACAATGTCCTCACCACAGACACTGAACACACTGACTCTAACCATGGGATGGAGCTGGATCTTTCTCTTTCTCCTGTCAGGAACTGCAGGTGTCCTCTCTGAGGTCCAGCTGCAACAATCTGGACCTGAGCTGGTGAAGCCTGGGGCTTCAGTGAAGATATCCTGTAAGGCTTCTGGATACACGTTCACTGACTACTACATGAACTGGGTGAAGCAGAGCCATGGAAAGAGCCTTGAGTGGATTGGAGATATTAATCCTAACAATGGTGGTACTAGCTACAACCAGAAGTTCAAGGGCAAGGCCACATTGACTGTAGACAAGTCCTCCAGCACAGCCTACATGGAGCTCCGCAGCCTGACATCTGAGGACTCTGCAGTCTATTACTGTGCAAAGGGTGATTACGCCTGGTTTGCTTACTGGGGCCAAGGGACTCTGGTCACTGTCTCTGCANNNNNNNNNNNNNNNNNNNNNNNNNNNNNNNNNNNNNNNN	F	T	IGHV1-26*01	IGHD2-4*01,IGHD2-9*02	IGHJ3*01	GAGGTCCAGCTGCAACAATCTGGACCT...GAGCTGGTGAAGCCTGGGGCTTCAGTGAAGATATCCTGTAAGGCTTCTGGATACACGTTC............ACTGACTACTACATGAACTGGGTGAAGCAGAGCCATGGAAAGAGCCTTGAGTGGATTGGAGATATTAATCCTAAC......AATGGTGGTACTAGCTACAACCAGAAGTTCAAG...GGCAAGGCCACATTGACTGTAGACAAGTCCTCCAGCACAGCCTACATGGAGCTCCGCAGCCTGACATCTGAGGACTCTGCAGTCTATTACTGTGCAAAGGGTGATTACGCCTGGTTTGCTTACTGGGGCCAAGGGACTCTGGTCACTGTCTCTGCA	GAGGTCCAGCTGCAACAATCTGGACCT...GAGCTGGTGAAGCCTGGGGCTTCAGTGAAGATATCCTGTAAGGCTTCTGGATACACGTTC............ACTGACTACTACATGAACTGGGTGAAGCAGAGCCATGGAAAGAGCCTTGAGTGGATTGGAGATATTAATCCTAAC......AATGGTGGTACTAGCTACAACCAGAAGTTCAAG...GGCAAGGCCACATTGACTGTAGACAAGTCCTCCAGCACAGCCTACATGGAGCTCCGCAGCCTGACATCTGAGGACTCTGCAGTCTATTACTGTGCAANNNNTGATTACGCCTGGTTTGCTTACTGGGGCCAAGGGACTCTGGTCACTGTCTCTGCA	TGTGCAAAGGGTGATTACGCCTGGTTTGCTTACTGG	CAKGDYAWFAYW	109S292=	405S7N8=	413S47=	F	T	IGH	36	4	0	110	401	1	316	406	413	8	15	414	460	1	47	F	IGHM
clonotype1409_consensus_1	GGTGAAAACAGCATATGACCCCTGTCTTCTCCACAGTCCCTGAACACACTGACTCTAACCATGGAATGGCCTTTGATCTTTCTCTTCCTCCTGTCAGGAACTGCAGGTGTCCAATCCCAGGTTCAGCTGCAGCAGTCTGGGGCTGAGCTGGTGAAGCCTGGGGCCTCAGTGAAGATTTCCTGCAAAGCTTCTGGCTACGCATTCAGTAGCTACTGGATGAACTGGGTGAAGCAGAGGCCTGGAAAGGGTCTTGAGTGGATTGGACAGATTTATCCTGGAGATGGTGATACTAACTACAACGGAAAGTTCAAGGGCAAGGCCACACTGACTGCAGACAAATCCTCCAGCACAGCCTACATGCAGCTCAGCAGCCTGACCTCTGAGGACTCTGCGGTCTATTTCTGTGCAAGAACTGGGACGGACTGGTACTTCGATGTCTGGGGCACAGGGACCACGGTCACCGTCTCCTCANNNNNNNNNNNNNNNNNNNNNNNNNNNNNNNNNNNNNNNN	F	T	IGHV1-80*01	IGHD4-1*01,IGHD4-1*02	IGHJ1*03	CAGGTTCAGCTGCAGCAGTCTGGGGCT...GAGCTGGTGAAGCCTGGGGCCTCAGTGAAGATTTCCTGCAAAGCTTCTGGCTACGCATTC............AGTAGCTACTGGATGAACTGGGTGAAGCAGAGGCCTGGAAAGGGTCTTGAGTGGATTGGACAGATTTATCCTGGA......GATGGTGATACTAACTACAACGGAAAGTTCAAG...GGCAAGGCCACACTGACTGCAGACAAATCCTCCAGCACAGCCTACATGCAGCTCAGCAGCCTGACCTCTGAGGACTCTGCGGTCTATTTCTGTGCAAGAACTGGGACGGACTGGTACTTCGATGTCTGGGGCACAGGGACCACGGTCACCGTCTCCTCA	CAGGTTCAGCTGCAGCAGTCTGGGGCT...GAGCTGGTGAAGCCTGGGGCCTCAGTGAAGATTTCCTGCAAAGCTTCTGGCTACGCATTC............AGTAGCTACTGGATGAACTGGGTGAAGCAGAGGCCTGGAAAGGGTCTTGAGTGGATTGGACAGATTTATCCTGGA......GATGGTGATACTAACTACAACGGAAAGTTCAAG...GGCAAGGCCACACTGACTGCAGACAAATCCTCCAGCACAGCCTACATGCAGCTCAGCAGCCTGACCTCTGAGGACTCTGCGGTCTATTTCTGTGCAAGAACTGGGACNNACTGGTACTTCGATGTCTGGGGCACAGGGACCACGGTCACCGTCTCCTCA	TGTGCAAGAACTGGGACGGACTGGTACTTCGATGTCTGG	CARTGTDWYFDVW	117S294=	411S3N8=	421S2N50=	F	T	IGH	39	0	2	118	411	1	318	412	419	4	11	422	471	3	52	F	IGHM
clonotype1573_consensus_1	GAACATATGTCCAATGTCCTCTCCACAGGCACTGAACACACTGACTCTAACCATGGGATGGAGCTGGATCTTTCTCCTCTTCCTGTCAGGAACTGCAGGTGTCCTCTCTGAGGTCCAGCTGCAACAGTCTGGACCTGAGCTGGTGAAGCCTGGGGCTTCAGTGAAGATACCCTGCAAGGCTTCTGGATACACATTCACTGACTACAACATGGACTGGGTGAAGCAGAGCCATGGAAAGAGCCTTGAGTGGATTGGAGATATTAATCCTAACAATGGTGGTACTATCTACAACCAGAAGTTCAAGGGCAAGGCCACATTGACTGTAGACAAGTCCTCCAGCACAGCCTACATGGAGCTCCGCAGCCTGACATCTGAGGACACTGCAGTCTATTACTGTGCAAGGCCTAATTTATTCTGGTACTTCGATGTCTGGGGCACAGGGACCACGGTCACCGTCTCCTCANNNNNNNNNNNNNNNNNNNNNNNNNNNNNNNNNNNNNNNN	F	T	IGHV1-18*01	IGHD1-1*01,IGHD1-1*02	IGHJ1*03	GAGGTCCAGCTGCAACAGTCTGGACCT...GAGCTGGTGAAGCCTGGGGCTTCAGTGAAGATACCCTGCAAGGCTTCTGGATACACATTC............ACTGACTACAACATGGACTGGGTGAAGCAGAGCCATGGAAAGAGCCTTGAGTGGATTGGAGATATTAATCCTAAC......AATGGTGGTACTATCTACAACCAGAAGTTCAAG...GGCAAGGCCACATTGACTGTAGACAAGTCCTCCAGCACAGCCTACATGGAGCTCCGCAGCCTGACATCTGAGGACACTGCAGTCTATTACTGTGCAAGGCCTAATTTATTCTGGTACTTCGATGTCTGGGGCACAGGGACCACGGTCACCGTCTCCTCA	GAGGTCCAGCTGCAACAGTCTGGACCT...GAGCTGGTGAAGCCTGGGGCTTCAGTGAAGATACCCTGCAAGGCTTCTGGATACACATTC............ACTGACTACAACATGGACTGGGTGAAGCAGAGCCATGGAAAGAGCCTTGAGTGGATTGGAGATATTAATCCTAAC......AATGGTGGTACTATCTACAACCAGAAGTTCAAG...GGCAAGGCCACATTGACTGTAGACAAGTCCTCCAGCACAGCCTACATGGAGCTCCGCAGCCTGACATCTGAGGACACTGCAGTCTATTACTGTGCAAGNNNNNNTTTATTCTGGTACTTCGATGTCTGGGGCACAGGGACCACGGTCACCGTCTCCTCA	TGTGCAAGGCCTAATTTATTCTGGTACTTCGATGTCTGG	CARPNLFWYFDVW	109S293=	408S6=	414S3N49=	F	T	IGH	39	6	0	110	402	1	317	409	414	1	6	415	463	4	52	F	IGHM
clonotype1718_consensus_1	AAGACACTGACTCTAACCATGGGATGGAGCTGGATCTTTCTCTTCCTCCTCTCAGGAACTGCAGGTGTCCACTCTGAGTTCCAGCTGCAGCAGTCTGGACCTGAGCTGGTGAAGCCTGGCGCTTCAGTGAAGATATCCTGCAAGGCTTCTGGTTACTCATTCACTGACTACAACATGAACTGGGTGAAGCAGAGCAATGGAAAGAGCCTTGAGTGGATTGGAGTAATTAATCCTAACTATGGTACTACTAGCTACAATCAGAAGTTCAAGGGCAAGGCCACATTGACTGTAGACCAATCTTCCAGCACAGCCTACATGCAGCTCAACAGCCTGACATCTGAGGACTCTGCAGTCTATTACTGTGCCGGTACTACGGTACCTTACTACTTTGACTACTGGGGCCAAGGCACCACTCTCACAGTCTCCTCANNNNNNNNNNNNNNNNNNNNNNNNNNNNNNNNNNNNNNNN	F	T	IGHV1-39*01	IGHD1-1*01	IGHJ2*01	GAGTTCCAGCTGCAGCAGTCTGGACCT...GAGCTGGTGAAGCCTGGCGCTTCAGTGAAGATATCCTGCAAGGCTTCTGGTTACTCATTC............ACTGACTACAACATGAACTGGGTGAAGCAGAGCAATGGAAAGAGCCTTGAGTGGATTGGAGTAATTAATCCTAAC......TATGGTACTACTAGCTACAATCAGAAGTTCAAG...GGCAAGGCCACATTGACTGTAGACCAATCTTCCAGCACAGCCTACATGCAGCTCAACAGCCTGACATCTGAGGACTCTGCAGTCTATTACTGTGCCGGTACTACGGTACCTTACTACTTTGACTACTGGGGCCAAGGCACCACTCTCACAGTCTCCTCA	GAGTTCCAGCTGCAGCAGTCTGGACCT...GAGCTGGTGAAGCCTGGCGCTTCAGTGAAGATATCCTGCAAGGCTTCTGGTTACTCATTC............ACTGACTACAACATGAACTGGGTGAAGCAGAGCAATGGAAAGAGCCTTGAGTGGATTGGAGTAATTAATCCTAAC......TATGGTACTACTAGCTACAATCAGAAGTTCAAG...GGCAAGGCCACATTGACTGTAGACCAATCTTCCAGCACAGCCTACATGCAGCTCAACAGCCTGACATCTGAGGACTCTGCAGTCTATTACTGTGCNNNTACTACGGTANNNNACTACTTTGACTACTGGGGCCAAGGCACCACTCTCACAGTCTCCTCA	TGTGCCGGTACTACGGTACCTTACTACTTTGACTACTGG	CAGTTVPYYFDYW	75S290=	368S5N10=	382S47=	F	T	IGH	39	3	4	76	365	1	314	369	378	6	15	383	429	1	47	F	IGHM
clonotype1768_consensus_1	TGGGGAACAGCATATGACCCCTGTCTTCTCCACAGTCCCTGAACACACTGACTCTAACCATGGAATGGCCTTTGATCTTTCTCTTCCTCCTGTCAGGAACTGCAGGTGTCCAATCCCAGGTTCAGCTGCAGCAGTCTGGGGCTGAGCTGGTGAAGCCTGGGGCCTCAGTGAAGATTTCCTGCAAAGCTTCTGGCTACGCATTCAGTAGCTACTGGATGAACTGGGTGAAGCAGAGGCCTGGAAAGGGTCTTGAGTGGATTGGACAGATTTATCCTGGAGATGGTGATACTAACTACAACGGAAAGTTCAAGGGCAAGGCCACACTGACTGCAGACAAATCCTCCAGCACAGCCTACATGCAGCTCAGCAGCCTGACCTCTGAGGACTCTGCGGTCTATTTCTGTGCAAGGTCTGATTATTACTATGCTATGGACTACTGGGGTCAAGGAACCTCAGTCACCGTCTCCTCANNNNNNNNNNNNNNNNNNNNNNNNNNNNNNNNNNNNNNNN	F	T	IGHV1-80*01	IGHD2-4*01,IGHD2-9*02	IGHJ4*01	CAGGTTCAGCTGCAGCAGTCTGGGGCT...GAGCTGGTGAAGCCTGGGGCCTCAGTGAAGATTTCCTGCAAAGCTTCTGGCTACGCATTC............AGTAGCTACTGGATGAACTGGGTGAAGCAGAGGCCTGGAAAGGGTCTTGAGTGGATTGGACAGATTTATCCTGGA......GATGGTGATACTAACTACAACGGAAAGTTCAAG...GGCAAGGCCACACTGACTGCAGACAAATCCTCCAGCACAGCCTACATGCAGCTCAGCAGCCTGACCTCTGAGGACTCTGCGGTCTATTTCTGTGCAAGGTCTGATTATTACTATGCTATGGACTACTGGGGTCAAGGAACCTCAGTCACCGTCTCCTCA	CAGGTTCAGCTGCAGCAGTCTGGGGCT...GAGCTGGTGAAGCCTGGGGCCTCAGTGAAGATTTCCTGCAAAGCTTCTGGCTACGCATTC............AGTAGCTACTGGATGAACTGGGTGAAGCAGAGGCCTGGAAAGGGTCTTGAGTGGATTGGACAGATTTATCCTGGA......GATGGTGATACTAACTACAACGGAAAGTTCAAG...GGCAAGGCCACACTGACTGCAGACAAATCCTCCAGCACAGCCTACATGCAGCTCAGCAGCCTGACCTCTGAGGACTCTGCGGTCTATTTCTGTGCAAGNNNTGATTATTACTATGCTATGGACTACTGGGGTCAAGGAACCTCAGTCACCGTCTCCTCA	TGTGCAAGGTCTGATTATTACTATGCTATGGACTACTGG	CARSDYYYAMDYW	116S293=	412S7N5=	417S53=	F	T	IGH	39	3	0	117	409	1	317	413	417	8	12	418	470	1	53	F	IGHM
clonotype1817_consensus_1	CTTCTCCACAGTCCCAGAACACACTCACTCTAACCATGGAATGGCCTTGTATCTTTCTCTTCCTCCTGTCAGTAACTGAAGGTGTCCACTCCCAGGTTCAGCTGCAGCAGTCTGGACCTGAGCTGGTGAAGCCTGGGGCCTCAGTGAAGATTTCCTGCAAGGCTTCTGGCTACGCATTCAGTAGCTCCTGGATGAACTGGGTGAAGCAGAGGCCTGGAAAGGGTCTTGAGTGGATTGGACGGATTTATCCTGGAGATGGAGATACTAACTACAATGGGAAGTTCAAGGGCAAGGCCACACTGACTGCAGACAAATCCTCCAGCACAGCCTACATGCAACTCAGCAGCCTGACATCTGAGGACTCTGCGGTCTACTTCTGTGCAAGATCGGGTCTATGGTTGGGGTACTTCGATGTCTGGGGCACAGGGACCACGGTCACCGTCTCCTCANNNNNNNNNNNNNNNNNNNNNNNNNNNNNNNNNNNNNNNN	F	T	IGHV1-82*01	IGHD2-2*01,IGHD2-7*01,IGHD2-9*01	IGHJ1*03	CAGGTTCAGCTGCAGCAGTCTGGACCT...GAGCTGGTGAAGCCTGGGGCCTCAGTGAAGATTTCCTGCAAGGCTTCTGGCTACGCATTC............AGTAGCTCCTGGATGAACTGGGTGAAGCAGAGGCCTGGAAAGGGTCTTGAGTGGATTGGACGGATTTATCCTGGA......GATGGAGATACTAACTACAATGGGAAGTTCAAG...GGCAAGGCCACACTGACTGCAGACAAATCCTCCAGCACAGCCTACATGCAACTCAGCAGCCTGACATCTGAGGACTCTGCGGTCTACTTCTGTGCAAGATCGGGTCTATGGTTGGGGTACTTCGATGTCTGGGGCACAGGGACCACGGTCACCGTCTCCTCA	CAGGTTCAGCTGCAGCAGTCTGGACCT...GAGCTGGTGAAGCCTGGGGCCTCAGTGAAGATTTCCTGCAAGGCTTCTGGCTACGCATTC............AGTAGCTCCTGGATGAACTGGGTGAAGCAGAGGCCTGGAAAGGGTCTTGAGTGGATTGGACGGATTTATCCTGGA......GATGGAGATACTAACTACAATGGGAAGTTCAAG...GGCAAGGCCACACTGACTGCAGACAAATCCTCCAGCACAGCCTACATGCAACTCAGCAGCCTGACATCTGAGGACTCTGCGGTCTACTTCTGTGCAAGANNNNNNCTATGGTTNNGGTACTTCGATGTCTGGGGCACAGGGACCACGGTCACCGTCTCCTCA	TGTGCAAGATCGGGTCTATGGTTGGGGTACTTCGATGTCTGG	CARSGLWLGYFDVW	92S294=	392S4N8=	402S5N47=	F	T	IGH	42	6	2	93	386	1	318	393	400	5	12	403	449	6	52	F	IGHM
clonotype1903_consensus_1	TGGGGGGGACTCACAAGTCTTTCCCTTCAGTGACCAACACGGACACAGAACATTCACCATGGACTTGAGACTGAGCTGTGCTTTTATTATTGTTCTTTTAAAAGGGGTCCAGAGTGAAGTGAAGCTTGAGGAGTCTGGAGGAGGCTTGGTGCAACCTGGAGGATCCATGAAACTCTCCTGTGTTGCCTCTGGATTCACTTTCAGTAACTACTGGATGAACTGGGTCCGCCAGTCTCCAGAGAAGGGGCTTGAGTGGGTTGCTCAAATTAGATTGAAATCTGATAATTATGCAACACATTATGCGGAGTCTGTGAAAGGGAGGTTCACCATCTCAAGAGATGATTCCAAAAGTAGTGTCTACCTGCAAATGAACAACTTAAGGGCTGAAGACACTGGAATTTATTACTGCACAGGCAAAGGCTACGGCTTCTTTGACTACTGGGGCCAAGGCACCACTCTCACAGTCTCCTCANNNNNNNNNNNNNNNNNNNNNNNNNNNNNNNNNNNNNNNN	F	T	IGHV6-3*01	IGHD1-2*01	IGHJ2*01	GAAGTGAAGCTTGAGGAGTCTGGAGGA...GGCTTGGTGCAACCTGGAGGATCCATGAAACTCTCCTGTGTTGCCTCTGGATTCACTTTC............AGTAACTACTGGATGAACTGGGTCCGCCAGTCTCCAGAGAAGGGGCTTGAGTGGGTTGCTCAAATTAGATTGAAATCTGATAATTATGCAACACATTATGCGGAGTCTGTGAAA...GGGAGGTTCACCATCTCAAGAGATGATTCCAAAAGTAGTGTCTACCTGCAAATGAACAACTTAAGGGCTGAAGACACTGGAATTTATTACTGCACAGGCAAAGGCTACGGCTTCTTTGACTACTGGGGCCAAGGCACCACTCTCACAGTCTCCTCA	GAAGTGAAGCTTGAGGAGTCTGGAGGA...GGCTTGGTGCAACCTGGAGGATCCATGAAACTCTCCTGTGTTGCCTCTGGATTCACTTTC............AGTAACTACTGGATGAACTGGGTCCGCCAGTCTCCAGAGAAGGGGCTTGAGTGGGTTGCTCAAATTAGATTGAAATCTGATAATTATGCAACACATTATGCGGAGTCTGTGAAA...GGGAGGTTCACCATCTCAAGAGATGATTCCAAAAGTAGTGTCTACCTGCAAATGAACAACTTAAGGGCTGAAGACACTGGAATTTATTACTGCACAGGNNNNNNCTACGGCTNCTTTGACTACTGGGGCCAAGGCACCACTCTCACAGTCTCCTCA	TGCACAGGCAAAGGCTACGGCTTCTTTGACTACTGG	CTGKGYGFFDYW	115S299=	420S7N8=	429S4N43=	F	T	IGH	36	6	1	116	414	1	317	421	428	8	15	430	472	5	47	F	IGHM
clonotype1944_consensus_1	ATGATCAGTGTCCTCTCTACACAGTCCCTGACGACACTGACTCTAACCATGGGATGGAGCTGGATCTTTCTCTTCCTCCTGTCAGGAACTGCAGGTGTCCATTGCCAGGTCCAGCTGCAGCAGTCTGGACCTGAGCTGGTGAAGCCTGGGGCTTCAGTGAAGATATCCTGCAAGGCTTCTGGCTACAGCTTCACAAGCTACTATATACACTGGGTGAAGCAGAGGCCTGGACAGGGACTTGAGTGGATTGGATGGATTTATCCTGGAAGTGGTAATACTAAGTACAATGAGAAGTTCAAGGGCAAGGCCACACTGACGGCAGACACATCCTCCAGCACTGCCTACATGCAGCTCAGCAGCCTAACATCTGAGGACTCTGCGGTCTATTACTGTGCAAGAGGGGCAGCTCAGGCTACCTTTTTTGCTTACTGGGGCCAAGGGACTCTGGTCACTGTCTCTGCANNNNNNNNNNNNNNNNNNNNNNNNNNNNNNNNNNNNNNNN	F	T	IGHV1-66*01	IGHD3-2*02	IGHJ3*01	CAGGTCCAGCTGCAGCAGTCTGGACCT...GAGCTGGTGAAGCCTGGGGCTTCAGTGAAGATATCCTGCAAGGCTTCTGGCTACAGCTTC............ACAAGCTACTATATACACTGGGTGAAGCAGAGGCCTGGACAGGGACTTGAGTGGATTGGATGGATTTATCCTGGA......AGTGGTAATACTAAGTACAATGAGAAGTTCAAG...GGCAAGGCCACACTGACGGCAGACACATCCTCCAGCACTGCCTACATGCAGCTCAGCAGCCTAACATCTGAGGACTCTGCGGTCTATTACTGTGCAAGAGGGGCAGCTCAGGCTACCTTTTTTGCTTACTGGGGCCAAGGGACTCTGGTCACTGTCTCTGCA	CAGGTCCAGCTGCAGCAGTCTGGACCT...GAGCTGGTGAAGCCTGGGGCTTCAGTGAAGATATCCTGCAAGGCTTCTGGCTACAGCTTC............ACAAGCTACTATATACACTGGGTGAAGCAGAGGCCTGGACAGGGACTTGAGTGGATTGGATGGATTTATCCTGGA......AGTGGTAATACTAAGTACAATGAGAAGTTCAAG...GGCAAGGCCACACTGACGGCAGACACATCCTCCAGCACTGCCTACATGCAGCTCAGCAGCCTAACATCTGAGGACTCTGCGGTCTATTACTGTGCAAGANNNNCAGCTCAGGCTACNNNNTTTGCTTACTGGGGCCAAGGGACTCTGGTCACTGTCTCTGCA	TGTGCAAGAGGGGCAGCTCAGGCTACCTTTTTTGCTTACTGG	CARGAAQATFFAYW	105S294=	403S3N13=	420S5N42=	F	T	IGH	42	4	4	106	399	1	318	404	416	4	16	421	462	6	47	F	IGHM
clonotype2171_consensus_1	GATCCTCTTCTCATAGAGCCTCCATCAGAGCATGGCTGTCTTGGGGCTGCTCTTCTGCCTGGTGACATTCCCAAGCTGTGTCCTATCCCAGGTGCAGCTGAAGCAGTCAGGACCTGGCCTAGTGCAGCCCTCACAGAGCCTGTCCATCACCTGCACAGTCTCTGGTTTCTCATTAACTAGCTATGGTGTACACTGGGTTCGCCAGTCTCCAGGAAAGGGTCTGGAGTGGCTGGGAGTGATATGGAGTGGTGGAAGCACAGACTATAATGCAGCTTTCATATCCAGACTGAGCATCAGCAAGGACAATTCCAAGAGCCAAGTTTTCTTTAAAATGAACAGTCTGCAAGCTGATGACACAGCCATATATTACTGTGCCAGAATGGGGTATGATTACCCGACCTGGTTTGCTTACTGGGGCCAAGGGACTCTGGTCACTGTCTCTACANNNNNNNNNNNNNNNNNNNNNNNNNNNNNNNNNNNNNNNN	F	T	IGHV2-2*01	IGHD2-4*01,IGHD2-9*02	IGHJ3*01	CAGGTGCAGCTGAAGCAGTCAGGACCT...GGCCTAGTGCAGCCCTCACAGAGCCTGTCCATCACCTGCACAGTCTCTGGTTTCTCATTA............ACTAGCTATGGTGTACACTGGGTTCGCCAGTCTCCAGGAAAGGGTCTGGAGTGGCTGGGAGTGATATGGAGTGGT.........GGAAGCACAGACTATAATGCAGCTTTCATA...TCCAGACTGAGCATCAGCAAGGACAATTCCAAGAGCCAAGTTTTCTTTAAAATGAACAGTCTGCAAGCTGATGACACAGCCATATATTACTGTGCCAGAATGGGGTATGATTACCCGACCTGGTTTGCTTACTGGGGCCAAGGGACTCTGGTCACTGTCTCT	CAGGTGCAGCTGAAGCAGTCAGGACCT...GGCCTAGTGCAGCCCTCACAGAGCCTGTCCATCACCTGCACAGTCTCTGGTTTCTCATTA............ACTAGCTATGGTGTACACTGGGTTCGCCAGTCTCCAGGAAAGGGTCTGGAGTGGCTGGGAGTGATATGGAGTGGT.........GGAAGCACAGACTATAATGCAGCTTTCATA...TCCAGACTGAGCATCAGCAAGGACAATTCCAAGAGCCAAGTTTTCTTTAAAATGAACAGTCTGCAAGCTGATGACACAGCCATATATTACTGTGCCAGAANNNNNTATGATTACNNNNCCTGGTTTGCTTACTGGGGCCAAGGGACTCTGGTCACTGTCTCT	TGTGCCAGAATGGGGTATGATTACCCGACCTGGTTTGCTTACTGG	CARMGYDYPTWFAYW	88S292=	385S5N9=	398S44=	F	T	IGH	45	5	4	89	380	1	319	386	394	6	14	399	442	1	44	F	IGHM
clonotype2191_consensus_1	CTGTTCTCTTTACAGTTACTGAGCACACAGGACCTCGCCATGGGATGGAGCTGTATCATCCTCTTCTTGGTAGCAACAGCTACAGGTGTCCACTCTCAGGTCCAACTGCAGCAGCCTGGGGCTGAGCTTGTGAAGCCTGGGGCTTCAGTGAAGCTGTCCTGCAAGGCTTCTGGCTACACCTTCACCAGCTACTGGATGCAGTGGGTAAAACAGAGGCCTGGACAGGGCCTTGAGTGGATCGGAGAGATTGATCCTTCTGATAGCTATACTAACTACAATCAAAAGTTCAAGGGCAAGGCCACATTGACTGTAGACACATCCTCCAGCACAGCCTACATGCAGCTCAGCAGCCTGACATCTGAGGACTCTGCGGTCTATTACTGTGCAAGAAGGGATTACTACGGTACTGACTTTGACTACTGGGGCCAAGGCACCACTCTCACAGTCTCCTCANNNNNNNNNNNNNNNNNNNNNNNNNNNNNNNNNNNNNNNN	F	T	IGHV1-50*01	IGHD1-1*01	IGHJ2*01	CAGGTCCAACTGCAGCAGCCTGGGGCT...GAGCTTGTGAAGCCTGGGGCTTCAGTGAAGCTGTCCTGCAAGGCTTCTGGCTACACCTTC............ACCAGCTACTGGATGCAGTGGGTAAAACAGAGGCCTGGACAGGGCCTTGAGTGGATCGGAGAGATTGATCCTTCT......GATAGCTATACTAACTACAATCAAAAGTTCAAG...GGCAAGGCCACATTGACTGTAGACACATCCTCCAGCACAGCCTACATGCAGCTCAGCAGCCTGACATCTGAGGACTCTGCGGTCTATTACTGTGCAAGAAGGGATTACTACGGTACTGACTTTGACTACTGGGGCCAAGGCACCACTCTCACAGTCTCCTCA	CAGGTCCAACTGCAGCAGCCTGGGGCT...GAGCTTGTGAAGCCTGGGGCTTCAGTGAAGCTGTCCTGCAAGGCTTCTGGCTACACCTTC............ACCAGCTACTGGATGCAGTGGGTAAAACAGAGGCCTGGACAGGGCCTTGAGTGGATCGGAGAGATTGATCCTTCT......GATAGCTATACTAACTACAATCAAAAGTTCAAG...GGCAAGGCCACATTGACTGTAGACACATCCTCCAGCACAGCCTACATGCAGCTCAGCAGCCTGACATCTGAGGACTCTGCGGTCTATTACTGTGCAAGANNNNATTACTACGGTANNNACTTTGACTACTGGGGCCAAGGCACCACTCTCACAGTCTCCTCA	TGTGCAAGAAGGGATTACTACGGTACTGACTTTGACTACTGG	CARRDYYGTDFDYW	96S294=	394S3N12=	409S3N44=	F	T	IGH	42	4	3	97	390	1	318	395	406	4	15	410	453	4	47	F	IGHM
clonotype2216_consensus_1	GAACCTATGATCAATGTCTTCTTCACAGTCCCTGAACACACTGACTCTAACCATGGAATGGATCTGGATCTTTCTCTTCATCCTGTCAGGAACTGCAGGTGTCCAATCCCAGGTTCAGCTGCAGCAGTCTGGAGCTGAGCTGGCGAGGCCTGGGGCTTCAGTGAAGCTGTCCTGCAAGGCTTCTGGCTACACCTTCACAAGCTATGGTATAAGCTGGGTGAAGCAGAGAACTGGACAGGGCCTTGAGTGGATTGGAGAGATTTATCCTAGAAGTGGTAATACTTACTACAATGAGAAGTTCAAGGGCAAGGCCACACTGACTGCAGACAAATCCTCCAGCACAGCGTACATGGAGCTCCGCAGCCTGACATCTGAGGACTCTGCGGTCTATTTCTGTGCATACATTACTACGGTAGGGGACTACTTTGACTACTGGGGCCAAGGCACCACTCTCACAGTCTCCTCANNNNNNNNNNNNNNNNNNNNNNNNNNNNNNNNNNNNNNNN	F	T	IGHV1-81*01	IGHD1-1*01	IGHJ2*01	CAGGTTCAGCTGCAGCAGTCTGGAGCT...GAGCTGGCGAGGCCTGGGGCTTCAGTGAAGCTGTCCTGCAAGGCTTCTGGCTACACCTTC............ACAAGCTATGGTATAAGCTGGGTGAAGCAGAGAACTGGACAGGGCCTTGAGTGGATTGGAGAGATTTATCCTAGA......AGTGGTAATACTTACTACAATGAGAAGTTCAAG...GGCAAGGCCACACTGACTGCAGACAAATCCTCCAGCACAGCGTACATGGAGCTCCGCAGCCTGACATCTGAGGACTCTGCGGTCTATTTCTGTGCATACATTACTACGGTAGGGGACTACTTTGACTACTGGGGCCAAGGCACCACTCTCACAGTCTCCTCA	CAGGTTCAGCTGCAGCAGTCTGGAGCT...GAGCTGGCGAGGCCTGGGGCTTCAGTGAAGCTGTCCTGCAAGGCTTCTGGCTACACCTTC............ACAAGCTATGGTATAAGCTGGGTGAAGCAGAGAACTGGACAGGGCCTTGAGTGGATTGGAGAGATTTATCCTAGA......AGTGGTAATACTTACTACAATGAGAAGTTCAAG...GGCAAGGCCACACTGACTGCAGACAAATCCTCCAGCACAGCGTACATGGAGCTCCGCAGCCTGACATCTGAGGACTCTGCGGTCTATTTCTGTGCANNNATTACTACGGTAGNNNACTACTTTGACTACTGGGGCCAAGGCACCACTCTCACAGTCTCCTCA	TGTGCATACATTACTACGGTAGGGGACTACTTTGACTACTGG	CAYITTVGDYFDYW	109S291=	403S3N13=	419S47=	F	T	IGH	42	3	3	110	400	1	315	404	416	4	16	420	466	1	47	F	IGHM
clonotype2267_consensus_1	GGAGCACACAGGATCTCACCATGGGATGGAGCTGTATCATCCTCTTCTTGGTAGCAACAGCTACAGGTGTCCACTCCCAGGTCCAACTGCAGCAGCCTGGGGCTGAGCTGGTGAGGCCTGGGTCTTCAGTGAAGCTGTCCTGCAAGGCTTCTGGCTACACCTTCACCAGCTACTGGATGCATTGGGTGAAGCAGAGGCCTATACAAGGCCTTGAATGGATTGGTAACATTGACCCTTCTGATAGTGAAACTCACTACAATCAAAAGTTCAAGGACAAGGCCACATTGACTGTAGACAAATCCTCCAGCACAGCCTACATGCAGCTCAGCAGCCTGACATCTGAGGACTCTGCGGTCTATTACTGTGCAAGATCCGGTAGTAGAAGGTGGTACTTCGATGTCTGGGGCACAGGGACCACGGTCACCGTCTCCTCANNNNNNNNNNNNNNNNNNNNNNNNNNNNNNNNNNNNNNNN	F	T	IGHV1-52*01	IGHD1-1*01	IGHJ1*03	CAGGTCCAACTGCAGCAGCCTGGGGCT...GAGCTGGTGAGGCCTGGGTCTTCAGTGAAGCTGTCCTGCAAGGCTTCTGGCTACACCTTC............ACCAGCTACTGGATGCATTGGGTGAAGCAGAGGCCTATACAAGGCCTTGAATGGATTGGTAACATTGACCCTTCT......GATAGTGAAACTCACTACAATCAAAAGTTCAAG...GACAAGGCCACATTGACTGTAGACAAATCCTCCAGCACAGCCTACATGCAGCTCAGCAGCCTGACATCTGAGGACTCTGCGGTCTATTACTGTGCAAGATCCGGTAGTAGAAGGTGGTACTTCGATGTCTGGGGCACAGGGACCACGGTCACCGTCTCCTCA	CAGGTCCAACTGCAGCAGCCTGGGGCT...GAGCTGGTGAGGCCTGGGTCTTCAGTGAAGCTGTCCTGCAAGGCTTCTGGCTACACCTTC............ACCAGCTACTGGATGCATTGGGTGAAGCAGAGGCCTATACAAGGCCTTGAATGGATTGGTAACATTGACCCTTCT......GATAGTGAAACTCACTACAATCAAAAGTTCAAG...GACAAGGCCACATTGACTGTAGACAAATCCTCCAGCACAGCCTACATGCAGCTCAGCAGCCTGACATCTGAGGACTCTGCGGTCTATTACTGTGCAAGANNCGGTAGTAGNNNNTGGTACTTCGATGTCTGGGGCACAGGGACCACGGTCACCGTCTCCTCA	TGTGCAAGATCCGGTAGTAGAAGGTGGTACTTCGATGTCTGG	CARSGSRRWYFDVW	77S294=	373S10N9=	386S4N48=	F	T	IGH	42	2	4	78	371	1	318	374	382	11	19	387	434	5	52	F	IGHM
clonotype2329_consensus_1	GTCCCTGAACACACTGACTGTAACAATGGAATGGAGCTGGGTCTCTCTCTTCTTCCTGTCAGTAACTACAGGTGTCCACTCCCAGGTTCAGCTGCAACAGTCTGACGCTGAGTTGGTGAAACCTGGAGCTTCAGTGAAGATATCCTGCAAGGTTTCTGGCTACACCTTCACTGACCATACTATTCACTGGATGAAGCAGAGGCCTGAACAGGGCCTGGAATGGATTGGATATATTTATCCTAGAGATGGTAGTACTAAGTACAATGAGAAGTTCAAGGGCAAGGCCACATTGACTGCAGACAAATCCTCCAGCACAGCCTACATGCAGCTCAACAGCCTGACATCTGAGGACTCTGCAGTCTATTTCTGTGCAAGAGGGGACTATAGTAACTCCTATGCTATGGACTACTGGGGTCAAGGAACCTCAGTCACCGTCTCCTCANNNNNNNNNNNNNNNNNNNNNNNNNNNNNNNNNNNNNNNN	F	T	IGHV1-78*01	IGHD2-5*01,IGHD2-6*01	IGHJ4*01	CAGGTTCAGCTGCAACAGTCTGACGCT...GAGTTGGTGAAACCTGGAGCTTCAGTGAAGATATCCTGCAAGGTTTCTGGCTACACCTTC............ACTGACCATACTATTCACTGGATGAAGCAGAGGCCTGAACAGGGCCTGGAATGGATTGGATATATTTATCCTAGA......GATGGTAGTACTAAGTACAATGAGAAGTTCAAG...GGCAAGGCCACATTGACTGCAGACAAATCCTCCAGCACAGCCTACATGCAGCTCAACAGCCTGACATCTGAGGACTCTGCAGTCTATTTCTGTGCAAGAGGGGACTATAGTAACTCCTATGCTATGGACTACTGGGGTCAAGGAACCTCAGTCACCGTCTCCTCA	CAGGTTCAGCTGCAACAGTCTGACGCT...GAGTTGGTGAAACCTGGAGCTTCAGTGAAGATATCCTGCAAGGTTTCTGGCTACACCTTC............ACTGACCATACTATTCACTGGATGAAGCAGAGGCCTGAACAGGGCCTGGAATGGATTGGATATATTTATCCTAGA......GATGGTAGTACTAAGTACAATGAGAAGTTCAAG...GGCAAGGCCACATTGACTGCAGACAAATCCTCCAGCACAGCCTACATGCAGCTCAACAGCCTGACATCTGAGGACTCTGCAGTCTATTTCTGTGCAAGANNNNACTATAGTAACTNCTATGCTATGGACTACTGGGGTCAAGGAACCTCAGTCACCGTCTCCTCA	TGTGCAAGAGGGGACTATAGTAACTCCTATGCTATGGACTACTGG	CARGDYSNSYAMDYW	82S294=	380S3N12=	393S4N49=	F	T	IGH	45	4	1	83	376	1	318	381	392	4	15	394	442	5	53	F	IGHM
clonotype2481_consensus_1	GAGTGTGCAGATATGGACAGGCTTACTTCCTCATTCCTGCTGCTGATTGTCCCTGCATATGTCCTGTCCCAGGTTACTCTGAAAGAGTCTGGCCCTGGGATATTGCAGTCCTCCCAGACCCTCAGTCTGACTTGTTCTTTCTCTGGGTTTTCACTGAGCACTTCTGGTATGGGTGTGAGCTGGATTCGTCAGCCTTCAGGAAAGGGTCTGGAGTGGCTGGCACACATTTACTGGGATGATGACAAGCGCTATAACCCATCCCTGAAGAGCCGGCTCACAATCTCCAAGGATACCTCCAGAAACCAGGTATTCCTCAAGATCACCAGTGTGGACACTGCAGATACTGCCACATACTACTGTGCTCGAAGAGAGGGATTACGCGGGTACTTCGATGTCTGGGGCACAGGGACCACGGTCACCGTCTCCTCANNNNNNNNNNNNNNNNNNNNNNNNNNNNNNNNNNNNNNNN	F	T	IGHV8-12*01	IGHD2-4*01,IGHD2-9*02	IGHJ1*03	CAGGTTACTCTGAAAGAGTCTGGCCCT...GGGATATTGCAGTCCTCCCAGACCCTCAGTCTGACTTGTTCTTTCTCTGGGTTTTCACTGAGC......ACTTCTGGTATGGGTGTGAGCTGGATTCGTCAGCCTTCAGGAAAGGGTCTGGAGTGGCTGGCACACATTTACTGGGAT.........GATGACAAGCGCTATAACCCATCCCTGAAG...AGCCGGCTCACAATCTCCAAGGATACCTCCAGAAACCAGGTATTCCTCAAGATCACCAGTGTGGACACTGCAGATACTGCCACATACTACTGTGCTCGAAGAGAGGGATTACGCGGGTACTTCGATGTCTGGGGCACAGGGACCACGGTCACCGTCTCCTCA	CAGGTTACTCTGAAAGAGTCTGGCCCT...GGGATATTGCAGTCCTCCCAGACCCTCAGTCTGACTTGTTCTTTCTCTGGGTTTTCACTGAGC......ACTTCTGGTATGGGTGTGAGCTGGATTCGTCAGCCTTCAGGAAAGGGTCTGGAGTGGCTGGCACACATTTACTGGGAT.........GATGACAAGCGCTATAACCCATCCCTGAAG...AGCCGGCTCACAATCTCCAAGGATACCTCCAGAAACCAGGTATTCCTCAAGATCACCAGTGTGGACACTGCAGATACTGCCACATACTACTGTGCTCGAAGAGNNNGATTACGNNGGTACTTCGATGTCTGGGGCACAGGGACCACGGTCACCGTCTCCTCA	TGTGCTCGAAGAGAGGGATTACGCGGGTACTTCGATGTCTGG	CARREGLRGYFDVW	69S301=	373S8N7=	382S5N47=	F	T	IGH	42	3	2	70	370	1	322	374	380	9	15	383	429	6	52	F	IGHM
clonotype2578_consensus_1	GGAAGTTAAATCCCCTCTTGGGGTGTGAAAGCTCACATCTCTCTCATTAGAGGTTGATCTTTGAGGAAAACAGGGTGTTGCCTAAAGGATGAAAGTGTTGAGTCTGTTGTACCTGTTGACAGCCATTCCTGGTATCCTGTCTGATGTACAGCTTCAGGAGTCAGGACCTGGCCTCGTGAAACCTTCTCAGTCTCTGTCTCTCACCTGCTCTGTCACTGGCTACTCCATCACCAGTGGTTATTACTGGAACTGGATCCGGCAGTTTCCAGGAAACAAACTGGAATGGATGGGCTACATAAGCTACGATGGTAGCAATAACTACAACCCATCTCTCAAAAATCGAATCTCCATCACTCGTGACACATCTAAGAACCAGTTTTTCCTGAAGTTGAATTCTGTGACTACTGAGGACACAGCCACATATTACTGTGCAAGAGACGTTACTACGGTAGTAGAGAACTGGTTTGCTTACTGGGGCCAAGGGACTCTGGTCACTGTCTCTGCANNNNNNNNNNNNNNNNNNNNNNNNNNNNNNNNNNNNNNNN	F	T	IGHV3-6*01	IGHD1-1*01	IGHJ3*01	GATGTACAGCTTCAGGAGTCAGGACCT...GGCCTCGTGAAACCTTCTCAGTCTCTGTCTCTCACCTGCTCTGTCACTGGCTACTCCATCACC.........AGTGGTTATTACTGGAACTGGATCCGGCAGTTTCCAGGAAACAAACTGGAATGGATGGGCTACATAAGCTACGAT.........GGTAGCAATAACTACAACCCATCTCTCAAA...AATCGAATCTCCATCACTCGTGACACATCTAAGAACCAGTTTTTCCTGAAGTTGAATTCTGTGACTACTGAGGACACAGCCACATATTACTGTGCAAGAGACGTTACTACGGTAGTAGAGAACTGGTTTGCTTACTGGGGCCAAGGGACTCTGGTCACTGTCTCTGCA	GATGTACAGCTTCAGGAGTCAGGACCT...GGCCTCGTGAAACCTTCTCAGTCTCTGTCTCTCACCTGCTCTGTCACTGGCTACTCCATCACC.........AGTGGTTATTACTGGAACTGGATCCGGCAGTTTCCAGGAAACAAACTGGAATGGATGGGCTACATAAGCTACGAT.........GGTAGCAATAACTACAACCCATCTCTCAAA...AATCGAATCTCCATCACTCGTGACACATCTAAGAACCAGTTTTTCCTGAAGTTGAATTCTGTGACTACTGAGGACACAGCCACATATTACTGTGCAAGAGANNTTACTACGGTAGTAGNNNNCTGGTTTGCTTACTGGGGCCAAGGGACTCTGGTCACTGTCTCTGCA	TGTGCAAGAGACGTTACTACGGTAGTAGAGAACTGGTTTGCTTACTGG	CARDVTTVVENWFAYW	142S296=	440S4N15=	459S1N46=	F	T	IGH	48	2	4	143	438	1	320	441	455	5	19	460	505	2	47	F	IGHM
clonotype2769_consensus_1	CATCCTCTTCTCATAGAGCCTCCATCAGAGCATGGCTGTCTTGGGGCTGCTCTTCTGCCTGGTGACATTCCCAAGCTGTGTCCTATCCCAGGTGCAGCTGAAGCAGTCAGGACCTGGCCTAGTGCAGCCCTCACAGAGCCTGTCCATCACCTGCACAGTCTCTGGTTTCTCATTAACTAGCTATGGTGTACACTGGGTTCGCCAGTCTCCAGGAAAGGGTCTGGAGTGGCTGGGAGTGATATGGAGTGGTGGAAGCACAGACTATAATGCAGCTTTCATATCCAGACTGAGCATCAGCAAGGACAATTCCAAGAGCCAAGTTTTCTTTAAAATGAACAGTCTGCAAGCTGATGACACAGCCATATATTACTGTGCCAGAAATCCCCTTACTACGGTGAACTACTGGTACTTCGATGTCTGGGGTACAGGGACCACGGTCACCGTCTCCTCANNNNNNNNNNNNNNNNNNNNNNNNNNNNNNNNNNNNNNNN	F	T	IGHV2-2*01	IGHD1-1*01	IGHJ1*03	CAGGTGCAGCTGAAGCAGTCAGGACCT...GGCCTAGTGCAGCCCTCACAGAGCCTGTCCATCACCTGCACAGTCTCTGGTTTCTCATTA............ACTAGCTATGGTGTACACTGGGTTCGCCAGTCTCCAGGAAAGGGTCTGGAGTGGCTGGGAGTGATATGGAGTGGT.........GGAAGCACAGACTATAATGCAGCTTTCATA...TCCAGACTGAGCATCAGCAAGGACAATTCCAAGAGCCAAGTTTTCTTTAAAATGAACAGTCTGCAAGCTGATGACACAGCCATATATTACTGTGCCAGAAATCCCCTTACTACGGTGAACTACTGGTACTTCGATGTCTGGGGTACAGGGACCACGGTCACCGTCTCCTCA	CAGGTGCAGCTGAAGCAGTCAGGACCT...GGCCTAGTGCAGCCCTCACAGAGCCTGTCCATCACCTGCACAGTCTCTGGTTTCTCATTA............ACTAGCTATGGTGTACACTGGGTTCGCCAGTCTCCAGGAAAGGGTCTGGAGTGGCTGGGAGTGATATGGAGTGGT.........GGAAGCACAGACTATAATGCAGCTTTCATA...TCCAGACTGAGCATCAGCAAGGACAATTCCAAGAGCCAAGTTTTCTTTAAAATGAACAGTCTGCAAGCTGATGACACAGCCATATATTACTGTGCCAGAAANNNNNTTACTACGGTNNNCTACTGGTACTTCGATGTCTGGGGCACAGGGACCACGGTCACCGTCTCCTCA	TGTGCCAGAAATCCCCTTACTACGGTGAACTACTGGTACTTCGATGTCTGG	CARNPLTTVNYWYFDVW	88S293=	386S4N10=	399S24=1X27=	F	T	IGH	51	5	3	89	381	1	320	387	396	5	14	400	451	1	52	F	IGHM
clonotype2903_consensus_1	GATGAACACTGTTTTCTCTACAGTCACTGAATCTCAATGTCCTTACAATGAAATGCAGCTGGGTCATCTTCTTCCTGATGGCAGTGGTTATAGGGGTCAATTCAGAGGTTCAGCTGCAGCAGTCTGGGGCTGAGCTTGTGAGGCCAGGGGCCTCAGTCAAGTTGTCCTGCACAGCTTCTGGCTTTAACATTAAAGACGACTATATGCACTGGGTGAAGCAGAGGCCTGAACAGGGCCTGGAGTGGATTGGATGGATTGATCCTGAGAATGGTGATACTGAATATGCCTCGAAGTTCCAGGGCAAGGCCACTATAACAGCAGACACATCCTCCAACACAGCCTACCTGCAGCTCAGCAGCCTGACATCTGAGGACACTGCCGTCTATTACTGTACTGGAACTACTACGGTAGTAGCTAGTCGAAGGTTTGCTTACTGGGGCCAAGGGACTCTGGTCACTGTCTCTGCANNNNNNNNNNNNNNNNNNNNNNNNNNNNNNNNNNNNNNNN	F	T	IGHV14-4*01	IGHD1-1*01	IGHJ3*01	GAGGTTCAGCTGCAGCAGTCTGGGGCT...GAGCTTGTGAGGCCAGGGGCCTCAGTCAAGTTGTCCTGCACAGCTTCTGGCTTTAACATT............AAAGACGACTATATGCACTGGGTGAAGCAGAGGCCTGAACAGGGCCTGGAGTGGATTGGATGGATTGATCCTGAG......AATGGTGATACTGAATATGCCTCGAAGTTCCAG...GGCAAGGCCACTATAACAGCAGACACATCCTCCAACACAGCCTACCTGCAGCTCAGCAGCCTGACATCTGAGGACACTGCCGTCTATTACTGTACTGGAACTACTACGGTAGTAGCTAGTCGAAGGTTTGCTTACTGGGGCCAAGGGACTCTGGTCACTGTCTCTGCA	GAGGTTCAGCTGCAGCAGTCTGGGGCT...GAGCTTGTGAGGCCAGGGGCCTCAGTCAAGTTGTCCTGCACAGCTTCTGGCTTTAACATT............AAAGACGACTATATGCACTGGGTGAAGCAGAGGCCTGAACAGGGCCTGGAGTGGATTGGATGGATTGATCCTGAG......AATGGTGATACTGAATATGCCTCGAAGTTCCAG...GGCAAGGCCACTATAACAGCAGACACATCCTCCAACACAGCCTACCTGCAGCTCAGCAGCCTGACATCTGAGGACACTGCCGTCTATTACTGTACTNNNNNTACTACGGTAGTAGCTANNNNNNGGTTTGCTTACTGGGGCCAAGGGACTCTGGTCACTGTCTCTGCA	TGTACTGGAACTACTACGGTAGTAGCTAGTCGAAGGTTTGCTTACTGG	CTGTTTVVASRRFAYW	104S291=	400S5N17=	423S3N44=	F	T	IGH	48	5	6	105	395	1	315	401	417	6	22	424	467	4	47	F	IGHM
clonotype2901_consensus_1	ATCAGGACTGAACACAGACCAGTCACCATGTACTTCAGGCTCAGCTCAGTTTTTCTTGTTCTTATTTTAAAAGGAGTCCAGTGTGAAGTGAAGCTGGTGGAGTCTGAGGGAGGCTTAGTGCAGCCTGGAAGTTCCATGAAACTCTCCTGCACAGCCTCTGGATTCACTTTCAGTGACTATTACATGGCTTGGGTCCGCCAGGTTCCAGAAAAGGGTCTAGAATGGGTTGCAAACATTAATTATGATGGTAGTAGCACCTACTATCTGGACTCCTTGAAGAGCCGTTTCATCATCTCGAGAGACAATGCAAAGAACATTCTATACCTGCAAATGAGCAGTCTGAAGTCTGAGGACACAGCCACGTATTACTGTGCAAGAGAGAAGGCCGGGGGTAGCGACTATGCTATGGACTACTGGGGTCAAGGAACCTCAGTCACCGTCTCCTCANNNNNNNNNNNNNNNNNNNNNNNNNNNNNNNNNNNNNNNN	F	T	IGHV5-16*01	IGHD1-1*02,IGHD1-3*01	IGHJ4*01	GAAGTGAAGCTGGTGGAGTCTGAGGGA...GGCTTAGTGCAGCCTGGAAGTTCCATGAAACTCTCCTGCACAGCCTCTGGATTCACTTTC............AGTGACTATTACATGGCTTGGGTCCGCCAGGTTCCAGAAAAGGGTCTAGAATGGGTTGCAAACATTAATTATGAT......GGTAGTAGCACCTACTATCTGGACTCCTTGAAG...AGCCGTTTCATCATCTCGAGAGACAATGCAAAGAACATTCTATACCTGCAAATGAGCAGTCTGAAGTCTGAGGACACAGCCACGTATTACTGTGCAAGAGAGAAGGCCGGGGGTAGCGACTATGCTATGGACTACTGGGGTCAAGGAACCTCAGTCACCGTCTCCTCA	GAAGTGAAGCTGGTGGAGTCTGAGGGA...GGCTTAGTGCAGCCTGGAAGTTCCATGAAACTCTCCTGCACAGCCTCTGGATTCACTTTC............AGTGACTATTACATGGCTTGGGTCCGCCAGGTTCCAGAAAAGGGTCTAGAATGGGTTGCAAACATTAATTATGAT......GGTAGTAGCACCTACTATCTGGACTCCTTGAAG...AGCCGTTTCATCATCTCGAGAGACAATGCAAAGAACATTCTATACCTGCAAATGAGCAGTCTGAAGTCTGAGGACACAGCCACGTATTACTGTGCAAGAGANNNNNNNNNNGGTAGCNACTATGCTATGGACTACTGGGGTCAAGGAACCTCAGTCACCGTCTCCTCA	TGTGCAAGAGAGAAGGCCGGGGGTAGCGACTATGCTATGGACTACTGG	CAREKAGGSDYAMDYW	84S296=	390S14N6=	397S3N50=	F	T	IGH	48	10	1	85	380	1	320	391	396	15	20	398	447	4	53	F	IGHM
clonotype2995_consensus_1	CTGTTCTCTTTACAGTTACTGAGCACACAGGACCTCGCCATGGGATGGAGCTGTATCATCCTCTTCTTGGTAGCAACAGCTACAGGTGTCCACTCTCAGGTCCAACTGCAGCAGCCTGGGGCTGAGCTTGTGAAGCCTGGGGCTTCAGTGAAGCTGTCCTGCAAGGCTTCTGGCTACACCTTCACCAGCTACTGGATGCAGTGGGTAAAACAGAGGCCTGGACAGGGCCTTGAGTGGATCGGAGAGATTGATCCTTCTGATAGCTATACTAACTACAATCAAAAGTTCAAGGGCAAGGCCACATTGACTGTAGACACATCCTCCAGCACAGCCTACATGCAGCTCAGCAGCCTGACATCTGAGGACTCTGCGGTCTATTACTGTGCAAGACAGGGCTATTACTACGGTAGTAGCTACGGGTTTGCTTACTGGGGCCAAGGGACTCTGGTCACTGTCTCTGCANNNNNNNNNNNNNNNNNNNNNNNNNNNNNNNNNNNNNNNN	F	T	IGHV1-50*01	IGHD1-1*01	IGHJ3*01	CAGGTCCAACTGCAGCAGCCTGGGGCT...GAGCTTGTGAAGCCTGGGGCTTCAGTGAAGCTGTCCTGCAAGGCTTCTGGCTACACCTTC............ACCAGCTACTGGATGCAGTGGGTAAAACAGAGGCCTGGACAGGGCCTTGAGTGGATCGGAGAGATTGATCCTTCT......GATAGCTATACTAACTACAATCAAAAGTTCAAG...GGCAAGGCCACATTGACTGTAGACACATCCTCCAGCACAGCCTACATGCAGCTCAGCAGCCTGACATCTGAGGACTCTGCGGTCTATTACTGTGCAAGACAGGGCTATTACTACGGTAGTAGCTACGGGTTTGCTTACTGGGGCCAAGGGACTCTGGTCACTGTCTCTGCA	CAGGTCCAACTGCAGCAGCCTGGGGCT...GAGCTTGTGAAGCCTGGGGCTTCAGTGAAGCTGTCCTGCAAGGCTTCTGGCTACACCTTC............ACCAGCTACTGGATGCAGTGGGTAAAACAGAGGCCTGGACAGGGCCTTGAGTGGATCGGAGAGATTGATCCTTCT......GATAGCTATACTAACTACAATCAAAAGTTCAAG...GGCAAGGCCACATTGACTGTAGACACATCCTCCAGCACAGCCTACATGCAGCTCAGCAGCCTGACATCTGAGGACTCTGCGGTCTATTACTGTGCAAGANNNNNNTATTACTACGGTAGTAGCTACNGGTTTGCTTACTGGGGCCAAGGGACTCTGGTCACTGTCTCTGCA	TGTGCAAGACAGGGCTATTACTACGGTAGTAGCTACGGGTTTGCTTACTGG	CARQGYYYGSSYGFAYW	96S294=	396S2N21=	418S3N44=	F	T	IGH	51	6	1	97	390	1	318	397	417	3	23	419	462	4	47	F	IGHM
clonotype2967_consensus_1	GGGAACAACATATGTCCAATGTCCTCTCCACAGGCACTGAACACACTGACTCTAACCATGGGATGGAGCTGGATCTTTCTCCTCTTCCTGTCAGGAACTGCAGGTGTCCTCTCTGAGGTCCAGCTGCAACAGTCTGGACCTGAGCTGGTGAAGCCTGGGGCTTCAGTGAAGATACCCTGCAAGGCTTCTGGATACACATTCACTGACTACAACATGGACTGGGTGAAGCAGAGCCATGGAAAGAGCCTTGAGTGGATTGGAGATATTAATCCTAACAATGGTGGTACTATCTACAACCAGAAGTTCAAGGGCAAGGCCACATTGACTGTAGACAAGTCCTCCAGCACAGCCTACATGGAGCTCCGCAGCCTGACATCTGAGGACACTGCAGTCTATTACTGTGCAAGAGGATACTACGGTAGTAGCTCGTACTACTTTGACTACTGGGGCCAAGGCACCACTCTCACAGTCTCCTCANNNNNNNNNNNNNNNNNNNNNNNNNNNNNNNNNNNNNNNN	F	T	IGHV1-18*01	IGHD1-1*01	IGHJ2*01	GAGGTCCAGCTGCAACAGTCTGGACCT...GAGCTGGTGAAGCCTGGGGCTTCAGTGAAGATACCCTGCAAGGCTTCTGGATACACATTC............ACTGACTACAACATGGACTGGGTGAAGCAGAGCCATGGAAAGAGCCTTGAGTGGATTGGAGATATTAATCCTAAC......AATGGTGGTACTATCTACAACCAGAAGTTCAAG...GGCAAGGCCACATTGACTGTAGACAAGTCCTCCAGCACAGCCTACATGGAGCTCCGCAGCCTGACATCTGAGGACACTGCAGTCTATTACTGTGCAAGAGGATACTACGGTAGTAGCTCGTACTACTTTGACTACTGGGGCCAAGGCACCACTCTCACAGTCTCCTCA	GAGGTCCAGCTGCAACAGTCTGGACCT...GAGCTGGTGAAGCCTGGGGCTTCAGTGAAGATACCCTGCAAGGCTTCTGGATACACATTC............ACTGACTACAACATGGACTGGGTGAAGCAGAGCCATGGAAAGAGCCTTGAGTGGATTGGAGATATTAATCCTAAC......AATGGTGGTACTATCTACAACCAGAAGTTCAAG...GGCAAGGCCACATTGACTGTAGACAAGTCCTCCAGCACAGCCTACATGGAGCTCCGCAGCCTGACATCTGAGGACACTGCAGTCTATTACTGTGCAAGANNNTACTACGGTAGTAGCTNNNACTACTTTGACTACTGGGGCCAAGGCACCACTCTCACAGTCTCCTCA	TGTGCAAGAGGATACTACGGTAGTAGCTCGTACTACTTTGACTACTGG	CARGYYGSSSYYFDYW	114S294=	411S5N16=	430S47=	F	T	IGH	48	3	3	115	408	1	318	412	427	6	21	431	477	1	47	F	IGHM
clonotype3157_consensus_1	TGGGATCCTCTTCTCATAGAGCCTCCATCAGAGCATGGCTGTCTTGGGGCTGCTCTTCTGCCTGGTGACATTCCCAAGCTGTGTCCTATCCCAGGTGCAGCTGAAGCAGTCAGGACCTGGCCTAGTGCAGCCCTCACAGAGCCTGTCCATCACCTGCACAGTCTCTGGTTTCTCATTAACTAGCTATGGTGTACACTGGGTTCGCCAGTCTCCAGGAAAGGGTCTGGAGTGGCTGGGAGTGATATGGAGTGGTGGAAGCACAGACTATAATGCAGCTTTCATATCCAGACTGAGCATCAGCAAGGACAATTCCAAGAGCCAAGTTTTCTTTAAAATGAACAGTCTGCAAGCTGATGACACAGCCATATATTACTGTGCCAGAGGTTCATATTACTACGGTAGTAGCTACGGGTACTTCGATGTCTGGGGCACAGGGACCACGGTCACCGTCTCCTCANNNNNNNNNNNNNNNNNNNNNNNNNNNNNNNNNNNNNNNN	F	T	IGHV2-2*01	IGHD1-1*01	IGHJ1*03	CAGGTGCAGCTGAAGCAGTCAGGACCT...GGCCTAGTGCAGCCCTCACAGAGCCTGTCCATCACCTGCACAGTCTCTGGTTTCTCATTA............ACTAGCTATGGTGTACACTGGGTTCGCCAGTCTCCAGGAAAGGGTCTGGAGTGGCTGGGAGTGATATGGAGTGGT.........GGAAGCACAGACTATAATGCAGCTTTCATA...TCCAGACTGAGCATCAGCAAGGACAATTCCAAGAGCCAAGTTTTCTTTAAAATGAACAGTCTGCAAGCTGATGACACAGCCATATATTACTGTGCCAGAGGTTCATATTACTACGGTAGTAGCTACGGGTACTTCGATGTCTGGGGCACAGGGACCACGGTCACCGTCTCCTCA	CAGGTGCAGCTGAAGCAGTCAGGACCT...GGCCTAGTGCAGCCCTCACAGAGCCTGTCCATCACCTGCACAGTCTCTGGTTTCTCATTA............ACTAGCTATGGTGTACACTGGGTTCGCCAGTCTCCAGGAAAGGGTCTGGAGTGGCTGGGAGTGATATGGAGTGGT.........GGAAGCACAGACTATAATGCAGCTTTCATA...TCCAGACTGAGCATCAGCAAGGACAATTCCAAGAGCCAAGTTTTCTTTAAAATGAACAGTCTGCAAGCTGATGACACAGCCATATATTACTGTGCCAGANNNNNNTATTACTACGGTAGTAGCTACTGGTACTTCGATGTCTGGGGCACAGGGACCACGGTCACCGTCTCCTCA	TGTGCCAGAGGTTCATATTACTACGGTAGTAGCTACGGGTACTTCGATGTCTGG	CARGSYYYGSSYGYFDVW	91S291=	388S2N17=	405S4=1X47=	F	T	IGH	54	6	0	92	382	1	318	389	405	3	19	406	457	1	52	F	IGHM
