sequence_id	sequence	rev_comp	productive	v_call	d_call	j_call	sequence_alignment	germline_alignment	junction	junction_aa	v_cigar	d_cigar	j_cigar	stop_codon	vj_in_frame	locus	junction_length	np1_length	np2_length	v_sequence_start	v_sequence_end	v_germline_start	v_germline_end	d_sequence_start	d_sequence_end	d_germline_start	d_germline_end	j_sequence_start	j_sequence_end	j_germline_start	j_germline_end	v_score	v_identity	v_support	d_score	d_identity	d_support	j_score	j_identity	j_support	fwr1	fwr2	fwr3	fwr4	cdr1	cdr2	cdr3	cell_id	c_call	consensus_count	clone_id	umi_count	v_call_10x	d_call_10x	j_call_10x	junction_10x	junction_10x_aa	germline_alignment_d_mask	germline_v_call	germline_d_call	germline_j_call
TTAGGACGTGGTACAG-1_contig_1	GAAAGCATAAGATCACTGTTCTCTCTACAGTTACTGAGCACACAGGACCTCACCATGGGATGGAGCTGTATCATCCTCTTCTTGGTATCAACAGCTACAGGTGTCCACTCCCAGGTCCAACTGCAGCAGCCTGGGGCTGAGCTTGTGATGCCTGGGGCTTCAGTGAAGCTGTCCTGCAAGGCTTCTGGCTACACCTTCACCAACTACTGGATGCACTGGATGAAGCAGAGGCCTGGACAAGGCCTTGAGTGGATCGGAGAGATTGATCCTTCTGATACTTTTTCTAACTACAATCAAAAATTCAAGGGCAAGGCCACATTGACTGTAGACAAGTCCTCCACCACAGCCTACATGCAGATCAGCAGCCTGACATCTGAGGACTCTGCGGTCTATTACTGTGCAAGAAGAGAGGGTTACTACCTTACCCTTGACTACTGGGGCCAAGGCACCACTCTCACAGTCTCCTCAGCCAAAACGACACCCCCATCTGTCTATCCACTGGCCCCTGGATCTGCTGCCCAAACTAACTCCATGGTGACCCTGGGATGCCTGGTCAAGGG	F	T	"IGHV1-69*01,IGHV1-69*02"	IGHD2-3*01	IGHJ2*01	CAGGTCCAACTGCAGCAGCCTGGGGCT...GAGCTTGTGATGCCTGGGGCTTCAGTGAAGCTGTCCTGCAAGGCTTCTGGCTACACCTTC............ACCAACTACTGGATGCACTGGATGAAGCAGAGGCCTGGACAAGGCCTTGAGTGGATCGGAGAGATTGATCCTTCT......GATACTTTTTCTAACTACAATCAAAAATTCAAG...GGCAAGGCCACATTGACTGTAGACAAGTCCTCCACCACAGCCTACATGCAGATCAGCAGCCTGACATCTGAGGACTCTGCGGTCTATTACTGTGCAAGAAGAGAGGGTTACTACCTTACCCTTGACTACTGGGGCCAAGGCACCACTCTCACAGTCTCCTCAG	CAGGTCCAACTGCAGCAGCCTGGGGCT...GAGCTTGTGATGCCTGGGGCTTCAGTGAAGCTGTCCTGCAAGGCTTCTGGCTACACCTTC............ACCAGCTACTGGATGCACTGGGTGAAGCAGAGGCCTGGACAAGGCCTTGAGTGGATCGGAGAGATTGATCCTTCT......GATAGTTATACTAACTACAATCAAAAGTTCAAG...GGCAAGTCCACATTGACTGTAGACAAATCCTCCAGCACAGCCTACATGCAGCTCAGCAGCCTGACATCTGAGGACTCTGCGGTCTATTACTGTGCAAGANNNNNNGGTTACTACNNNNNNNTTGACTACTGGGGCCAAGGCACCACTCTCACAGTCTCCTCAG	TGTGCAAGAAGAGAGGGTTACTACCTTACCCTTGACTACTGG	CARREGYYLTLDYW	111S91=1X16=1X57=1X2=1X1=1X16=1X12=1X19=1X7=1X16=1X47=	411S8N9=	427S6N42=	F	T	IGH	42	6	7	112	405	1	318	412	420	9	17	428	469	7	48	428	0.96599	6.67E-122	18	1	0.7	81.4	1	1.32E-19	CAGGTCCAACTGCAGCAGCCTGGGGCT...GAGCTTGTGATGCCTGGGGCTTCAGTGAAGCTGTCCTGCAAGGCTTCT	ATGCACTGGATGAAGCAGAGGCCTGGACAAGGCCTTGAGTGGATCGGAGAG	AACTACAATCAAAAATTCAAG...GGCAAGGCCACATTGACTGTAGACAAGTCCTCCACCACAGCCTACATGCAGATCAGCAGCCTGACATCTGAGGACTCTGCGGTCTATTACTGT	TGGGGCCAAGGCACCACTCTCACAGTCTCCTCAG	GGCTACACCTTC............ACCAACTACTGG	ATTGATCCTTCT......GATACTTTTTCT	GCAAGAAGAGAGGGTTACTACCTTACCCTTGACTAC	TTAGGACGTGGTACAG-1	IGHG1	256	221_4274	5	IGHV1-69		IGHJ2	TGTGCAAGAAGAGAGGGTTACTACCTTACCCTTGACTACTGG	CARREGYYLTLDYW	CAGGTCCAACTGCAGCAGCCTGGGGCT...GAGCTTGTGATGCCTGGGGCTTCAGTGAAGCTGTCCTGCAAGGCTTCTGGCTACACCTTC............ACCAGCTACTGGATGCACTGGGTGAAGCAGAGGCCTGGACAAGGCCTTGAGTGGATCGGAGAGATTGATCCTTCT......GATAGTTATACTAACTACAATCAAAAGTTCAAG...GGCAAGTCCACATTGACTGTAGACAAATCCTCCAGCACAGCCTACATGCAGCTCAGCAGCCTGACATCTGAGGACTCTGCGGTCTATTACTGTGCAAGANNNNNNNNNNNNNNNNNNNNNNTTGACTACTGGGGCCAAGGCACCACTCTCACAGTCTCCTCAG	IGHV1-69*01	IGHD2-3*01	IGHJ2*01
ATCTACTAGGGTATCG-1_contig_2	GGAAAACAACCTATGATCAGTGTCCTCTCTACACAGTCCCTGACGACACTGATTCTAACCATGGGATGGAGCTGGATCTTTTTCTTCCTCCTGTCAGGAACTGCAGGTGTCCACTGTCAGGTCCACCTGAAGCAGTCTGGGGCTTCCCTGGTGAGGCCTGGGGCTTCAGTGAATCTGTCCTGCAAGGCTTCTGGCTACACTTTCACTGACTACTATATAAACTGGGTGAAGCAGAGGCCTGGACAGGGACTTGAGTGGATTGCAAGGATTTATCCTGGAAGTGGTAATACTTACTACAATGAGAAATTCAAGGGCAAGGCCACACTGACTGCAGAAAGATCCTCCAGCACTGCCTACATGCAGCTCGGCAGCCTGACATCTGAGGACTCTTCTGTCTATTTCTGTGCAAGATCGAAGGGTAACTACCCTTACTATGCTTTGGACTACTGGGGTCAAGGAACCTCAGTCACCGTCTCCTCAGCCAAAACGACACCCCCATCTGTCTATCCACTGGCCCCTGGATCTGCTGCCCAAACTAACTCCATGGTGACCCTGGGATGCCTGGTCAAGGG	F	T	IGHV1-76*01	"IGHD2-1*01,IGHD2-10*01,IGHD2-10*02"	IGHJ4*01	CAGGTCCACCTGAAGCAGTCTGGGGCT...TCCCTGGTGAGGCCTGGGGCTTCAGTGAATCTGTCCTGCAAGGCTTCTGGCTACACTTTC............ACTGACTACTATATAAACTGGGTGAAGCAGAGGCCTGGACAGGGACTTGAGTGGATTGCAAGGATTTATCCTGGA......AGTGGTAATACTTACTACAATGAGAAATTCAAG...GGCAAGGCCACACTGACTGCAGAAAGATCCTCCAGCACTGCCTACATGCAGCTCGGCAGCCTGACATCTGAGGACTCTTCTGTCTATTTCTGTGCAAGATCGAAGGGTAACTACCCTTACTATGCTTTGGACTACTGGGGTCAAGGAACCTCAGTCACCGTCTCCTCAG	CAGGTCCAGCTGAAGCAGTCTGGGGCT...GAGCTGGTGAGGCCTGGGGCTTCAGTGAAGCTGTCCTGCAAGGCTTCTGGCTACACTTTC............ACTGACTACTATATAAACTGGGTGAAGCAGAGGCCTGGACAGGGACTTGAGTGGATTGCAAGGATTTATCCTGGA......AGTGGTAATACTTACTACAATGAGAAGTTCAAG...GGCAAGGCCACACTGACTGCAGAAAAATCCTCCAGCACTGCCTACATGCAGCTCAGCAGCCTGACATCTGAGGACTCTGCTGTCTATTTCTGTGCAAGANNNNNNGGTAACTACNNTTACTATGCTATGGACTACTGGGGTCAAGGAACCTCAGTCACCGTCTCCTCAG	TGTGCAAGATCGAAGGGTAACTACCCTTACTATGCTTTGGACTACTGG	CARSKGNYPYYALDYW	117S8=1X18=3X26=1X131=1X31=1X28=1X23=1X20=	417S8N9=	428S1N10=1X42=	F	T	IGH	48	6	2	118	411	1	318	418	426	9	17	429	481	2	54	431	0.96939	7.86E-123	18	1	0.72	96.8	0.98113	3.16E-24	CAGGTCCACCTGAAGCAGTCTGGGGCT...TCCCTGGTGAGGCCTGGGGCTTCAGTGAATCTGTCCTGCAAGGCTTCT	ATAAACTGGGTGAAGCAGAGGCCTGGACAGGGACTTGAGTGGATTGCAAGG	TACTACAATGAGAAATTCAAG...GGCAAGGCCACACTGACTGCAGAAAGATCCTCCAGCACTGCCTACATGCAGCTCGGCAGCCTGACATCTGAGGACTCTTCTGTCTATTTCTGT	TGGGGTCAAGGAACCTCAGTCACCGTCTCCTCAG	GGCTACACTTTC............ACTGACTACTAT	ATTTATCCTGGA......AGTGGTAATACT	GCAAGATCGAAGGGTAACTACCCTTACTATGCTTTGGACTAC	ATCTACTAGGGTATCG-1	IGHG1	520	3513_870	4	IGHV1-76		IGHJ4	TGTGCAAGATCGAAGGGTAACTACCCTTACTATGCTTTGGACTACTGG	CARSKGNYPYYALDYW	CAGGTCCAGCTGAAGCAGTCTGGGGCT...GAGCTGGTGAGGCCTGGGGCTTCAGTGAAGCTGTCCTGCAAGGCTTCTGGCTACACTTTC............ACTGACTACTATATAAACTGGGTGAAGCAGAGGCCTGGACAGGGACTTGAGTGGATTGCAAGGATTTATCCTGGA......AGTGGTAATACTTACTACAATGAGAAGTTCAAG...GGCAAGGCCACACTGACTGCAGAAAAATCCTCCAGCACTGCCTACATGCAGCTCAGCAGCCTGACATCTGAGGACTCTGCTGTCTATTTCTGTGCAAGANNNNNNNNNNNNNNNNNTTACTATGCTATGGACTACTGGGGTCAAGGAACCTCAGTCACCGTCTCCTCAG	IGHV1-76*01	IGHD2-1*01	IGHJ4*01
CTCATTATCATCGATG-1_contig_1	GATCCTCTTCTCATAGAGCCTCCATCAGAGCATGGCTGTCCTGGCGCTACTCCTCTGCCTGGTGACTTTCCCAAGCTGTGCCCTGTCCCAGGTGCAGCTGAAGGAGTCAGGACCTGGCCTGGTGGCGCCCTCACAGAGCCTGTCCATCACATGCACTGTCTCTGGGTTCTCATTAACCAGCTATGCTATAAGCTGGGTTCGCCAGCCACCAGGAAAGGGTCTGGAGTGGCTTGGAGTAATATGGACTGGTGGAGGCACAAATTATAATTCAGCTCTCAAATCCAGACTGAGCATCAGCAAAGACAACTCCAAGAGTCAAGTTTTCTTAAAAATGAACAGTCTGCAAACTGATGACACAGCCAGGTACTACTGTGCCAGGTACGGTAGTAGCTCCCACTGGTACTTCGATGTCTGGGGCACAGGGACCACGGTCACCGTCTCCTCAGCCAAAACGACACCCCCATCTGTCTATCCACTGGCCCCTGGATCTGCTGCCCAAACTAACTCCATGGTGACCCTGGGATGCCTGGTCAAGGG	F	T	IGHV2-9-1*01	IGHD1-1*01	IGHJ1*03	CAGGTGCAGCTGAAGGAGTCAGGACCT...GGCCTGGTGGCGCCCTCACAGAGCCTGTCCATCACATGCACTGTCTCTGGGTTCTCATTA............ACCAGCTATGCTATAAGCTGGGTTCGCCAGCCACCAGGAAAGGGTCTGGAGTGGCTTGGAGTAATATGGACTGGT.........GGAGGCACAAATTATAATTCAGCTCTCAAA...TCCAGACTGAGCATCAGCAAAGACAACTCCAAGAGTCAAGTTTTCTTAAAAATGAACAGTCTGCAAACTGATGACACAGCCAGGTACTACTGTGCCAGGTACGGTAGTAGCTCCCACTGGTACTTCGATGTCTGGGGCACAGGGACCACGGTCACCGTCTCCTCAG	CAGGTGCAGCTGAAGGAGTCAGGACCT...GGCCTGGTGGCGCCCTCACAGAGCCTGTCCATCACATGCACTGTCTCTGGGTTCTCATTA............ACCAGCTATGCTATAAGCTGGGTTCGCCAGCCACCAGGAAAGGGTCTGGAGTGGCTTGGAGTAATATGGACTGGT.........GGAGGCACAAATTATAATTCAGCTCTCAAA...TCCAGACTGAGCATCAGCAAAGACAACTCCAAGAGTCAAGTTTTCTTAAAAATGAACAGTCTGCAAACTGATGACACAGCCAGGTACTACTGTGCCAGNTACGGTAGTAGCTNNNACTGGTACTTCGATGTCTGGGGCACAGGGACCACGGTCACCGTCTCCTCAG	TGTGCCAGGTACGGTAGTAGCTCCCACTGGTACTTCGATGTCTGG	CARYGSSSHWYFDVW	88S290=	379S8N13=	395S2N51=	F	T	IGH	45	1	3	89	378	1	317	380	392	9	21	396	446	3	53	453	1	2.00E-129	25.7	1	0.003	98.7	1	7.83E-25	CAGGTGCAGCTGAAGGAGTCAGGACCT...GGCCTGGTGGCGCCCTCACAGAGCCTGTCCATCACATGCACTGTCTCT	ATAAGCTGGGTTCGCCAGCCACCAGGAAAGGGTCTGGAGTGGCTTGGAGTA	AATTATAATTCAGCTCTCAAA...TCCAGACTGAGCATCAGCAAAGACAACTCCAAGAGTCAAGTTTTCTTAAAAATGAACAGTCTGCAAACTGATGACACAGCCAGGTACTACTGT	TGGGGCACAGGGACCACGGTCACCGTCTCCTCAG	GGGTTCTCATTA............ACCAGCTATGCT	ATATGGACTGGT.........GGAGGCACA	GCCAGGTACGGTAGTAGCTCCCACTGGTACTTCGATGTC	CTCATTATCATCGATG-1	IGHG1	588	3560_2115	4	IGHV2-9-1		IGHJ1	TGTGCCAGGTACGGTAGTAGCTCCCACTGGTACTTCGATGTCTGG	CARYGSSSHWYFDVW	CAGGTGCAGCTGAAGGAGTCAGGACCT...GGCCTGGTGGCGCCCTCACAGAGCCTGTCCATCACATGCACTGTCTCTGGGTTCTCATTA............ACCAGCTATGCTATAAGCTGGGTTCGCCAGCCACCAGGAAAGGGTCTGGAGTGGCTTGGAGTAATATGGACTGGT.........GGAGGCACAAATTATAATTCAGCTCTCAAA...TCCAGACTGAGCATCAGCAAAGACAACTCCAAGAGTCAAGTTTTCTTAAAAATGAACAGTCTGCAAACTGATGACACAGCCAGGTACTACTGTGCCAGNNNNNNNNNNNNNNNNNACTGGTACTTCGATGTCTGGGGCACAGGGACCACGGTCACCGTCTCCTCAG	IGHV2-9-1*01	IGHD1-1*01	IGHJ1*03
CGTAGCGGTCCGTGAC-1_contig_2	ATCAGGACTGAACACAGACCAGTCACCATGTACTTCAGGCTCAGCTCAGTTTTTCTTGTTCTTATTTTAAAAGGGGTCCAGTGTGAAGTGAGGCTGGTGGAGTCTGAGGGAGGCTTAGTGCAGCCTGGAAGTTCCATGAAACTCTCCTGTACAGCCTCTGGATTCACTTTCAGTGACTATTACATGGCTTGGGTCCGCCAGGTTCCAGAAAAGGGTCTAGAGTGGATTGCAAACATTAATTATGATGGTAGTAGCACCTTCTATCTGGACTCCTTGAAGAGCCGTTTCATCATCTCGAGAGACAATGCAAACAACATTCTATACCTGCAAATGAGCAGTCTGAAGTCTGAGGACACAGCCACGTACTACTGTGCAAGACTCGGGCGATATGTCTGGTTTGCTTACTGGGGCCAAGGGACTCTGGTCACTGTCTCTGCAGCCAAAACAACACCCCCATCAGTCTATCCACTGGCCCCTGGGTGTGGAGATACAACTGGTTCCTCTGTGACTCTGGGATGCCTGGTCAAGGG	F	T	IGHV5-16*01	"IGHD3-1*01,IGHD3-2*01"	IGHJ3*01	GAAGTGAGGCTGGTGGAGTCTGAGGGA...GGCTTAGTGCAGCCTGGAAGTTCCATGAAACTCTCCTGTACAGCCTCTGGATTCACTTTC............AGTGACTATTACATGGCTTGGGTCCGCCAGGTTCCAGAAAAGGGTCTAGAGTGGATTGCAAACATTAATTATGAT......GGTAGTAGCACCTTCTATCTGGACTCCTTGAAG...AGCCGTTTCATCATCTCGAGAGACAATGCAAACAACATTCTATACCTGCAAATGAGCAGTCTGAAGTCTGAGGACACAGCCACGTACTACTGTGCAAGACTCGGGCGATATGTCTGGTTTGCTTACTGGGGCCAAGGGACTCTGGTCACTGTCTCTGCAG	GAAGTGAAGCTGGTGGAGTCTGAGGGA...GGCTTAGTGCAGCCTGGAAGTTCCATGAAACTCTCCTGCACAGCCTCTGGATTCACTTTC............AGTGACTATTACATGGCTTGGGTCCGCCAGGTTCCAGAAAAGGGTCTAGAATGGGTTGCAAACATTAATTATGAT......GGTAGTAGCACCTACTATCTGGACTCCTTGAAG...AGCCGTTTCATCATCTCGAGAGACAATGCAAAGAACATTCTATACCTGCAAATGAGCAGTCTGAAGTCTGAGGACACAGCCACGTATTACTGTGCAAGACTCGGGCNNNNNNNCTGGTTTGCTTACTGGGGCCAAGGGACTCTGGTCACTGTCTCTGCAG	TGTGCAAGACTCGGGCGATATGTCTGGTTTGCTTACTGG	CARLGRYVWFAYW	84S7=1X57=1X71=1X3=1X33=1X51=1X53=1X12=	378S7N7=	392S1N47=	F	T	IGH	39	0	7	85	378	1	318	379	385	8	14	393	439	2	48	438	0.97619	9.65E-125	14.1	1	9.6	91.1	1	1.60E-22	GAAGTGAGGCTGGTGGAGTCTGAGGGA...GGCTTAGTGCAGCCTGGAAGTTCCATGAAACTCTCCTGTACAGCCTCT	ATGGCTTGGGTCCGCCAGGTTCCAGAAAAGGGTCTAGAGTGGATTGCAAAC	TTCTATCTGGACTCCTTGAAG...AGCCGTTTCATCATCTCGAGAGACAATGCAAACAACATTCTATACCTGCAAATGAGCAGTCTGAAGTCTGAGGACACAGCCACGTACTACTGT	TGGGGCCAAGGGACTCTGGTCACTGTCTCTGCAG	GGATTCACTTTC............AGTGACTATTAC	ATTAATTATGAT......GGTAGTAGCACC	GCAAGACTCGGGCGATATGTCTGGTTTGCTTAC	CGTAGCGGTCCGTGAC-1	IGHG2B	116	1121_1884	1	IGHV5-16		IGHJ3	TGTGCAAGACTCGGGCGATATGTCTGGTTTGCTTACTGG	CARLGRYVWFAYW	GAAGTGAAGCTGGTGGAGTCTGAGGGA...GGCTTAGTGCAGCCTGGAAGTTCCATGAAACTCTCCTGCACAGCCTCTGGATTCACTTTC............AGTGACTATTACATGGCTTGGGTCCGCCAGGTTCCAGAAAAGGGTCTAGAATGGGTTGCAAACATTAATTATGAT......GGTAGTAGCACCTACTATCTGGACTCCTTGAAG...AGCCGTTTCATCATCTCGAGAGACAATGCAAAGAACATTCTATACCTGCAAATGAGCAGTCTGAAGTCTGAGGACACAGCCACGTATTACTGTGCAAGANNNNNNNNNNNNNNCTGGTTTGCTTACTGGGGCCAAGGGACTCTGGTCACTGTCTCTGCAG	IGHV5-16*01	IGHD3-1*01	IGHJ3*01
TAAGAGAAGACCCACC-1_contig_2	TGGGAAACAACATATGTACAATGTCCTCACCACAGACACTGAACACACTGACTCTAACCATGGGATGGAGCTGGATCTTTCTCTTTCTCCTGTCAGGAACTGCAGGTGTCCTCTCTGAGGTCCAGCTGCAACAATCTGGACCTGAGCTGGTGAAGCCTGGGGCTTCAGTGAAGATATCCTGTAAGGCTTCTGGATACACGTTCACTGACTACTACATGAACTGGGTGAAGCAGAGCCATGGAAAGAGCCTTGAGTGGATTGGAGATATTAATCCTAACAATGGTGGTACTAGCTACAACCAGAAGTTCAAGGGCAAGGCCACATTGACTGTAGACAAGTCCTCCAGCACAGCCTACATGGAGCTCCGCAGCCTGACATCTGAGGACTCTGCAGTCTATTACTGTGCAAGAAGGGATTACGGGTTTGCTTACTGGGGCCAAGGGACTCTGGTCACTGTCTCTGCAGCCAAAACAACACCCCCATCAGTCTATCCACTGGCCCCTGGGTGTGGAGATACAACTGGTTCCTCTGTGACTCTGGGATGCCTGGTCAAGGG	F	T	IGHV1-26*01	"IGHD2-4*01,IGHD2-9*02"	IGHJ3*01	GAGGTCCAGCTGCAACAATCTGGACCT...GAGCTGGTGAAGCCTGGGGCTTCAGTGAAGATATCCTGTAAGGCTTCTGGATACACGTTC............ACTGACTACTACATGAACTGGGTGAAGCAGAGCCATGGAAAGAGCCTTGAGTGGATTGGAGATATTAATCCTAAC......AATGGTGGTACTAGCTACAACCAGAAGTTCAAG...GGCAAGGCCACATTGACTGTAGACAAGTCCTCCAGCACAGCCTACATGGAGCTCCGCAGCCTGACATCTGAGGACTCTGCAGTCTATTACTGTGCAAGAAGGGATTACGGGTTTGCTTACTGGGGCCAAGGGACTCTGGTCACTGTCTCTGCAG	GAGGTCCAGCTGCAACAATCTGGACCT...GAGCTGGTGAAGCCTGGGGCTTCAGTGAAGATATCCTGTAAGGCTTCTGGATACACGTTC............ACTGACTACTACATGAACTGGGTGAAGCAGAGCCATGGAAAGAGCCTTGAGTGGATTGGAGATATTAATCCTAAC......AATGGTGGTACTAGCTACAACCAGAAGTTCAAG...GGCAAGGCCACATTGACTGTAGACAAGTCCTCCAGCACAGCCTACATGGAGCTCCGCAGCCTGACATCTGAGGACTCTGCAGTCTATTACTGTGCAAGANNNGATTACGGGTTTGCTTACTGGGGCCAAGGGACTCTGGTCACTGTCTCTGCAG	TGTGCAAGAAGGGATTACGGGTTTGCTTACTGG	CARRDYGFAYW	116S294=	413S8N7=	420S3N45=	F	T	IGH	33	3	0	117	410	1	318	414	420	9	15	421	465	4	48	459	1	2.75E-131	14.1	1	10	87.2	1	2.41E-21	GAGGTCCAGCTGCAACAATCTGGACCT...GAGCTGGTGAAGCCTGGGGCTTCAGTGAAGATATCCTGTAAGGCTTCT	ATGAACTGGGTGAAGCAGAGCCATGGAAAGAGCCTTGAGTGGATTGGAGAT	AGCTACAACCAGAAGTTCAAG...GGCAAGGCCACATTGACTGTAGACAAGTCCTCCAGCACAGCCTACATGGAGCTCCGCAGCCTGACATCTGAGGACTCTGCAGTCTATTACTGT	TGGGGCCAAGGGACTCTGGTCACTGTCTCTGCAG	GGATACACGTTC............ACTGACTACTAC	ATTAATCCTAAC......AATGGTGGTACT	GCAAGAAGGGATTACGGGTTTGCTTAC	TAAGAGAAGACCCACC-1	IGHG2B	224	1642_3512	1	IGHV1-26		IGHJ3	TGTGCAAGAAGGGATTACGGGTTTGCTTACTGG	CARRDYGFAYW	GAGGTCCAGCTGCAACAATCTGGACCT...GAGCTGGTGAAGCCTGGGGCTTCAGTGAAGATATCCTGTAAGGCTTCTGGATACACGTTC............ACTGACTACTACATGAACTGGGTGAAGCAGAGCCATGGAAAGAGCCTTGAGTGGATTGGAGATATTAATCCTAAC......AATGGTGGTACTAGCTACAACCAGAAGTTCAAG...GGCAAGGCCACATTGACTGTAGACAAGTCCTCCAGCACAGCCTACATGGAGCTCCGCAGCCTGACATCTGAGGACTCTGCAGTCTATTACTGTGCAAGANNNNNNNNNNGGTTTGCTTACTGGGGCCAAGGGACTCTGGTCACTGTCTCTGCAG	IGHV1-26*01	IGHD2-4*01	IGHJ3*01
ACGGCCAGTAGCCTCG-1_contig_2	GAGCATAAGATCACTGTTCTCTCTACAGTTACTGAGCACACAGGATCTCACCATGGGATGGAGTTGTATCATCCTCTTCTTGGTAGCAACAGCTACAGGTGTCCACTCCCAGGTCCAACTGCAGCAGCCTGGGGCTGAACTAGTGAGGCCTGGGTCTTCAGTGAAACTGTCCTGCAGGGCTTCTGGCTACACCTTCACCAGCTACTGGGTGCATTGGGTGAAACAGAGGCCTTTCCAAGGCCTTGAATGGATTGGTAACATTGACCCTTCTGATAATGAAATTCACTACAATCAGAACTTCAAGGACAAGGCCACATTGACTGTAGACAAATCCTCCACCACAGCCTACATGCAGTTCAGCAGCCTGACATCTGAGGACTCTGCGGTCTATTTCTGTGCAAGATTGAACTACTACGGTAATAGCTACGGGGGAGGTTATGCTATGGACTACTGGGGTCAAGGAACCTCAGTCACCGTCTCCTCAGCCAAAACAACACCCCCATCAGTCTATCCACTGGCCCCTGGGTGTGGAGATACAACTGGTTCCTCTGTGACTCTGGGATGCCTGGTCAAGGG	F	T	IGHV1-52*01	IGHD1-1*01	IGHJ4*01	CAGGTCCAACTGCAGCAGCCTGGGGCT...GAACTAGTGAGGCCTGGGTCTTCAGTGAAACTGTCCTGCAGGGCTTCTGGCTACACCTTC............ACCAGCTACTGGGTGCATTGGGTGAAACAGAGGCCTTTCCAAGGCCTTGAATGGATTGGTAACATTGACCCTTCT......GATAATGAAATTCACTACAATCAGAACTTCAAG...GACAAGGCCACATTGACTGTAGACAAATCCTCCACCACAGCCTACATGCAGTTCAGCAGCCTGACATCTGAGGACTCTGCGGTCTATTTCTGTGCAAGATTGAACTACTACGGTAATAGCTACGGGGGAGGTTATGCTATGGACTACTGGGGTCAAGGAACCTCAGTCACCGTCTCCTCAG	CAGGTCCAACTGCAGCAGCCTGGGGCT...GAGCTGGTGAGGCCTGGGTCTTCAGTGAAGCTGTCCTGCAAGGCTTCTGGCTACACCTTC............ACCAGCTACTGGATGCATTGGGTGAAGCAGAGGCCTATACAAGGCCTTGAATGGATTGGTAACATTGACCCTTCT......GATAGTGAAACTCACTACAATCAAAAGTTCAAG...GACAAGGCCACATTGACTGTAGACAAATCCTCCAGCACAGCCTACATGCAGCTCAGCAGCCTGACATCTGAGGACTCTGCGGTCTATTACTGTGCAAGANNNNNNTACTACGGTAGTAGCTACNNNNNNNNNTATGCTATGGACTACTGGGGTCAAGGAACCTCAGTCACCGTCTCCTCAG	TGTGCAAGATTGAACTACTACGGTAATAGCTACGGGGGAGGTTATGCTATGGACTACTGG	CARLNYYGNSYGGGYAMDYW	109S29=1X2=1X23=1X10=1X31=1X13=1X9=1X1=1X40=1X5=1X12=1X2=1X40=1X16=1X36=1X10=	409S5N10=1X7=	436S5N49=	F	T	IGH	60	6	9	110	403	1	318	410	427	6	23	437	485	6	54	413	0.94898	3.37E-117	29.5	0.94444	0.000244	94.9	1	1.21E-23	CAGGTCCAACTGCAGCAGCCTGGGGCT...GAACTAGTGAGGCCTGGGTCTTCAGTGAAACTGTCCTGCAGGGCTTCT	GTGCATTGGGTGAAACAGAGGCCTTTCCAAGGCCTTGAATGGATTGGTAAC	CACTACAATCAGAACTTCAAG...GACAAGGCCACATTGACTGTAGACAAATCCTCCACCACAGCCTACATGCAGTTCAGCAGCCTGACATCTGAGGACTCTGCGGTCTATTTCTGT	TGGGGTCAAGGAACCTCAGTCACCGTCTCCTCAG	GGCTACACCTTC............ACCAGCTACTGG	ATTGACCCTTCT......GATAATGAAATT	GCAAGATTGAACTACTACGGTAATAGCTACGGGGGAGGTTATGCTATGGACTAC	ACGGCCAGTAGCCTCG-1	IGHG2B	274	1727_406	1	IGHV1-52		IGHJ4	TGTGCAAGATTGAACTACTACGGTAATAGCTACGGGGGAGGTTATGCTATGGACTACTGG	CARLNYYGNSYGGGYAMDYW	CAGGTCCAACTGCAGCAGCCTGGGGCT...GAGCTGGTGAGGCCTGGGTCTTCAGTGAAGCTGTCCTGCAAGGCTTCTGGCTACACCTTC............ACCAGCTACTGGATGCATTGGGTGAAGCAGAGGCCTATACAAGGCCTTGAATGGATTGGTAACATTGACCCTTCT......GATAGTGAAACTCACTACAATCAAAAGTTCAAG...GACAAGGCCACATTGACTGTAGACAAATCCTCCAGCACAGCCTACATGCAGCTCAGCAGCCTGACATCTGAGGACTCTGCGGTCTATTACTGTGCAAGANNNNNNNNNNNNNNNNNNNNNNNNNNNNNNNNNTATGCTATGGACTACTGGGGTCAAGGAACCTCAGTCACCGTCTCCTCAG	IGHV1-52*01	IGHD1-1*01	IGHJ4*01
GGACATTCAAGGACTG-1_contig_2	GAAACAGCATATGATCAGTGTCCTCTCCAAAGTCCTTGAACATAGACTCTAACCATGGAATGGACCTGGGTCTTTCTCTTCCTCCTGTCAGTAACTGCAGGTGTCCACTCCCAGGTTCAGCTGCAGCAGTCTGGAGCTGAGCTAATGAAGCCTGGGGCCTCAGTGAAGCTTTCCTGCAAGGCTACTGGCTACACATTCACTGGCTACTGGATAGAGTGGGTAAAGCAGAGGCCTGGACATGGCCTTGAGTGGATTGGAGAGATTTTACCTGGAAGTGGTAGTACTAACTACAATGAGAGGTTCAAGGGCAAGGCCGCATTCACTGCAGATACATCCTCCAACACAGCCTACATGCAACTCAACAGCCTGACAACTGAGGACTCTGCCATCTATTACTGTGCAAGAAAGAGGAGTTACTTCGGTGGTAGCTACGGGGGCTATGCTATGGACTACTGGGGTCAAGGAACCTCAGTCACCGTCTCCTCAGCCAAAACAACACCCCCATCAGTCTATCCACTGGCCCCTGGGTGTGGAGATACAACTGGTTCCTCTGTGACTCTGGGATGCCTGGTCAAGGG	F	T	IGHV1-9*01	"IGHD1-1*01,IGHD1-1*02"	IGHJ4*01	CAGGTTCAGCTGCAGCAGTCTGGAGCT...GAGCTAATGAAGCCTGGGGCCTCAGTGAAGCTTTCCTGCAAGGCTACTGGCTACACATTC............ACTGGCTACTGGATAGAGTGGGTAAAGCAGAGGCCTGGACATGGCCTTGAGTGGATTGGAGAGATTTTACCTGGA......AGTGGTAGTACTAACTACAATGAGAGGTTCAAG...GGCAAGGCCGCATTCACTGCAGATACATCCTCCAACACAGCCTACATGCAACTCAACAGCCTGACAACTGAGGACTCTGCCATCTATTACTGTGCAAGAAAGAGGAGTTACTTCGGTGGTAGCTACGGGGGCTATGCTATGGACTACTGGGGTCAAGGAACCTCAGTCACCGTCTCCTCAG	CAGGTTCAGCTGCAGCAGTCTGGAGCT...GAGCTGATGAAGCCTGGGGCCTCAGTGAAGCTTTCCTGCAAGGCTACTGGCTACACATTC............ACTGGCTACTGGATAGAGTGGGTAAAGCAGAGGCCTGGACATGGCCTTGAGTGGATTGGAGAGATTTTACCTGGA......AGTGGTAGTACTAACTACAATGAGAAGTTCAAG...GGCAAGGCCACATTCACTGCAGATACATCCTCCAACACAGCCTACATGCAACTCAGCAGCCTGACAACTGAGGACTCTGCCATCTATTACTGTGCAAGANNNNNNNNTTACTACGGTAGTAGCTACNNNNNCTATGCTATGGACTACTGGGGTCAAGGAACCTCAGTCACCGTCTCCTCAG	TGTGCAAGAAAGAGGAGTTACTTCGGTGGTAGCTACGGGGGCTATGCTATGGACTACTGG	CARKRSYFGGSYGGYAMDYW	111S32=1X154=1X16=1X45=1X43=	413S4N5=1X4=1X8=	437S4N50=	F	T	IGH	60	8	5	112	405	1	318	414	432	5	23	438	487	5	54	447	0.98639	1.62E-127	25.7	0.89474	0.004	96.8	1	3.20E-24	CAGGTTCAGCTGCAGCAGTCTGGAGCT...GAGCTAATGAAGCCTGGGGCCTCAGTGAAGCTTTCCTGCAAGGCTACT	ATAGAGTGGGTAAAGCAGAGGCCTGGACATGGCCTTGAGTGGATTGGAGAG	AACTACAATGAGAGGTTCAAG...GGCAAGGCCGCATTCACTGCAGATACATCCTCCAACACAGCCTACATGCAACTCAACAGCCTGACAACTGAGGACTCTGCCATCTATTACTGT	TGGGGTCAAGGAACCTCAGTCACCGTCTCCTCAG	GGCTACACATTC............ACTGGCTACTGG	ATTTTACCTGGA......AGTGGTAGTACT	GCAAGAAAGAGGAGTTACTTCGGTGGTAGCTACGGGGGCTATGCTATGGACTAC	GGACATTCAAGGACTG-1	IGHG2B	296	1751_3001	2	IGHV1-9		IGHJ4	TGTGCAAGAAAGAGGAGTTACTTCGGTGGTAGCTACGGGGGCTATGCTATGGACTACTGG	CARKRSYFGGSYGGYAMDYW	CAGGTTCAGCTGCAGCAGTCTGGAGCT...GAGCTGATGAAGCCTGGGGCCTCAGTGAAGCTTTCCTGCAAGGCTACTGGCTACACATTC............ACTGGCTACTGGATAGAGTGGGTAAAGCAGAGGCCTGGACATGGCCTTGAGTGGATTGGAGAGATTTTACCTGGA......AGTGGTAGTACTAACTACAATGAGAAGTTCAAG...GGCAAGGCCACATTCACTGCAGATACATCCTCCAACACAGCCTACATGCAACTCAGCAGCCTGACAACTGAGGACTCTGCCATCTATTACTGTGCAAGANNNNNNNNNNNNNNNNNNNNNNNNNNNNNNNNCTATGCTATGGACTACTGGGGTCAAGGAACCTCAGTCACCGTCTCCTCAG	IGHV1-9*01	IGHD1-1*01	IGHJ4*01
TATCTCAAGACAAAGG-1_contig_1	GATATGTACAATGTCCTCACCACAGACACTGAACACACTGACTCTAACCATGGGATGGAGCTGGATCTTTCTCTTTCTCCTGTCAGGAACTGCAGGTGTCCTCTCTGAGGTCCAACTGCAACAATCTGGACCTGAGCTGGTGAAGCCTGGGGCTTCAGTGAAGATATCCTGTAAGGCTTCTGGATACACGTTCACTGACTACTACATGAACTGGGTGAAGCAGAGCCATGGAAAGAGCCTTGAGTGGATTGGAGATATTAATTCCAACAATGGTGTTACTAGCTACAACCAGAAGTTCAAGGCCAAGGCCACTTTGACTGTAGACAAGTCCTCCAACACAGCCTACATGGAGCTCCGCAGCCTGACATCTGAGGACTCTGCAGTCTATTACTGTACAAGAGAGGCTAACCCCTTTGACTACTGGGGCCAAGGCACCACTCTCACAGTCTCCTCAGCCAAAACAACACCCCCATCAGTCTATCCACTGGCCCCTGGGTGTGGAGATACAACTGGTTCCTCTGTGACTCTGGGATGCCTGGTCAAGGG	F	T	IGHV1-26*01	IGHD3-2*02	IGHJ2*01	GAGGTCCAACTGCAACAATCTGGACCT...GAGCTGGTGAAGCCTGGGGCTTCAGTGAAGATATCCTGTAAGGCTTCTGGATACACGTTC............ACTGACTACTACATGAACTGGGTGAAGCAGAGCCATGGAAAGAGCCTTGAGTGGATTGGAGATATTAATTCCAAC......AATGGTGTTACTAGCTACAACCAGAAGTTCAAG...GCCAAGGCCACTTTGACTGTAGACAAGTCCTCCAACACAGCCTACATGGAGCTCCGCAGCCTGACATCTGAGGACTCTGCAGTCTATTACTGTACAAGAGAGGCTAACCCCTTTGACTACTGGGGCCAAGGCACCACTCTCACAGTCTCCTCAG	GAGGTCCAGCTGCAACAATCTGGACCT...GAGCTGGTGAAGCCTGGGGCTTCAGTGAAGATATCCTGTAAGGCTTCTGGATACACGTTC............ACTGACTACTACATGAACTGGGTGAAGCAGAGCCATGGAAAGAGCCTTGAGTGGATTGGAGATATTAATCCTAAC......AATGGTGGTACTAGCTACAACCAGAAGTTCAAG...GGCAAGGCCACATTGACTGTAGACAAGTCCTCCAGCACAGCCTACATGGAGCTCCGCAGCCTGACATCTGAGGACTCTGCAGTCTATTACTGTGCAAGANAGGCTANNNNCTTTGACTACTGGGGCCAAGGCACCACTCTCACAGTCTCCTCAG	TGTACAAGAGAGGCTAACCCCTTTGACTACTGG	CTREANPFDYW	106S8=1X147=1X1=1X10=1X26=1X9=1X22=1X58=1X5=	401S9N6=	411S4N44=	F	T	IGH	33	1	4	107	400	1	318	402	407	10	15	412	455	5	48	434	0.97279	8.63E-124	12.2	1	37	85.3	1	8.96E-21	GAGGTCCAACTGCAACAATCTGGACCT...GAGCTGGTGAAGCCTGGGGCTTCAGTGAAGATATCCTGTAAGGCTTCT	ATGAACTGGGTGAAGCAGAGCCATGGAAAGAGCCTTGAGTGGATTGGAGAT	AGCTACAACCAGAAGTTCAAG...GCCAAGGCCACTTTGACTGTAGACAAGTCCTCCAACACAGCCTACATGGAGCTCCGCAGCCTGACATCTGAGGACTCTGCAGTCTATTACTGT	TGGGGCCAAGGCACCACTCTCACAGTCTCCTCAG	GGATACACGTTC............ACTGACTACTAC	ATTAATTCCAAC......AATGGTGTTACT	ACAAGAGAGGCTAACCCCTTTGACTAC	TATCTCAAGACAAAGG-1	IGHG2B	516	1773_3703	3	IGHV1-26		IGHJ2	TGTACAAGAGAGGCTAACCCCTTTGACTACTGG	CTREANPFDYW	GAGGTCCAGCTGCAACAATCTGGACCT...GAGCTGGTGAAGCCTGGGGCTTCAGTGAAGATATCCTGTAAGGCTTCTGGATACACGTTC............ACTGACTACTACATGAACTGGGTGAAGCAGAGCCATGGAAAGAGCCTTGAGTGGATTGGAGATATTAATCCTAAC......AATGGTGGTACTAGCTACAACCAGAAGTTCAAG...GGCAAGGCCACATTGACTGTAGACAAGTCCTCCAGCACAGCCTACATGGAGCTCCGCAGCCTGACATCTGAGGACTCTGCAGTCTATTACTGTGCAAGANNNNNNNNNNNCTTTGACTACTGGGGCCAAGGCACCACTCTCACAGTCTCCTCAG	IGHV1-26*01	IGHD3-2*02	IGHJ2*01
CCATTCGCAGGTCTCG-1_contig_2	AGAACACACTCACTCTAACCATGGAATGGCCTTGTATCCTTCTCTTCCTCCTGTCAGTAACTGAAGGTGTCCACTCCCAGGTTCAGCTGCAGCAGTCTGGACCTGAGCTGGTGAAGCCTGGGGCCTCAGTGAAGATTTCCTGCAAGGCTTCTGGCTACACATTCAGTAGTTCCTGGATGAACTGGGTGAAGCAGAGGCCTGGAAAGGGTCTTGAGTGGATTGGACGGATTTATCCTAGAGATGGAGATACTAACTACAATGGGAAGTTCAGGGGCAAGGCCACACTGACTGCAGACAAATCCTCCAGTACAGCCTACATGCAACTCAGCAGCCTGACATCTGAAGACTCTGCGGTCTACTTCTGTGTAAGGGGGCTGGGGACCTGGTTTGCTTACTGGGGCCAAGGGACTCTGGTCACTGTCTCTGCAGCCAAAACAACACCCCCATCAGTCTATCCACTGGCCCCTGGGTGTGGAGATACAACTGGTTCCTCTGTGACTCTGGGATGCCTGGTCAAGGG	F	T	IGHV1-82*01	IGHD3-3*01	IGHJ3*01	CAGGTTCAGCTGCAGCAGTCTGGACCT...GAGCTGGTGAAGCCTGGGGCCTCAGTGAAGATTTCCTGCAAGGCTTCTGGCTACACATTC............AGTAGTTCCTGGATGAACTGGGTGAAGCAGAGGCCTGGAAAGGGTCTTGAGTGGATTGGACGGATTTATCCTAGA......GATGGAGATACTAACTACAATGGGAAGTTCAGG...GGCAAGGCCACACTGACTGCAGACAAATCCTCCAGTACAGCCTACATGCAACTCAGCAGCCTGACATCTGAAGACTCTGCGGTCTACTTCTGTGTAAGGGGGCTGGGGACCTGGTTTGCTTACTGGGGCCAAGGGACTCTGGTCACTGTCTCTGCAG	CAGGTTCAGCTGCAGCAGTCTGGACCT...GAGCTGGTGAAGCCTGGGGCCTCAGTGAAGATTTCCTGCAAGGCTTCTGGCTACGCATTC............AGTAGCTCCTGGATGAACTGGGTGAAGCAGAGGCCTGGAAAGGGTCTTGAGTGGATTGGACGGATTTATCCTGGA......GATGGAGATACTAACTACAATGGGAAGTTCAAG...GGCAAGGCCACACTGACTGCAGACAAATCCTCCAGCACAGCCTACATGCAACTCAGCAGCCTGACATCTGAGGACTCTGCGGTCTACTTCTGTGCAAGNGGGCTGNNNNCCTGGTTTGCTTACTGGGGCCAAGGGACTCTGGTCACTGTCTCTGCAG	TGTGTAAGGGGGCTGGGGACCTGGTTTGCTTACTGG	CVRGLGTWFAYW	77S81=1X10=1X66=1X33=1X36=1X35=1X22=1X3=	371S10N6=	381S48=	F	T	IGH	36	1	4	78	370	1	317	372	377	11	16	382	429	1	48	436	0.97611	2.78E-124	12.2	1	36	93	1	4.13E-23	CAGGTTCAGCTGCAGCAGTCTGGACCT...GAGCTGGTGAAGCCTGGGGCCTCAGTGAAGATTTCCTGCAAGGCTTCT	ATGAACTGGGTGAAGCAGAGGCCTGGAAAGGGTCTTGAGTGGATTGGACGG	AACTACAATGGGAAGTTCAGG...GGCAAGGCCACACTGACTGCAGACAAATCCTCCAGTACAGCCTACATGCAACTCAGCAGCCTGACATCTGAAGACTCTGCGGTCTACTTCTGT	TGGGGCCAAGGGACTCTGGTCACTGTCTCTGCAG	GGCTACACATTC............AGTAGTTCCTGG	ATTTATCCTAGA......GATGGAGATACT	GTAAGGGGGCTGGGGACCTGGTTTGCTTAC	CCATTCGCAGGTCTCG-1	IGHG2B	244	2175_1489	2	IGHV1-82		IGHJ3	TGTGTAAGGGGGCTGGGGACCTGGTTTGCTTACTGG	CVRGLGTWFAYW	CAGGTTCAGCTGCAGCAGTCTGGACCT...GAGCTGGTGAAGCCTGGGGCCTCAGTGAAGATTTCCTGCAAGGCTTCTGGCTACGCATTC............AGTAGCTCCTGGATGAACTGGGTGAAGCAGAGGCCTGGAAAGGGTCTTGAGTGGATTGGACGGATTTATCCTGGA......GATGGAGATACTAACTACAATGGGAAGTTCAAG...GGCAAGGCCACACTGACTGCAGACAAATCCTCCAGCACAGCCTACATGCAACTCAGCAGCCTGACATCTGAGGACTCTGCGGTCTACTTCTGTGCAAGNNNNNNNNNNNCCTGGTTTGCTTACTGGGGCCAAGGGACTCTGGTCACTGTCTCTGCAG	IGHV1-82*01	IGHD3-3*01	IGHJ3*01
GCAAACTGTAGAGCTG-1_contig_1	TGGGGAACATATGTCCATTGTCCTCTCCTCAGACACTGAACACACTGACTCTAACCATGGGATGGAGCTGGATCTTTCTCTTTCTCCTGTCAGAAACTGCAGGTGTCCTCTCTGAGGTCCAGTTGCAACAGTCTGGACCTGAGTTGGTGAAGCCTGGGGCTTCAGTGAAGGTGTCCTGCAAGGCTTCTGGATACACATTCACTGACTGCAACATGTTCTGGCTGAAACAGAGTCATGGAAAGAGCCTTGAGTGGATTGGATATATTAATCCTAGTAATGGTGGCACTAGTTACAACCGGAAGTTCTGGGGCAAGGCCACATTGACTGTGATCGAGGCCTCCAGCACAGCCTATATGGAGCTCCGCAGTCTGACTTCGGAGGATTCTGCAGTCTATTACTGTGCAAGAAGGGAGGAGGATGCTCTGGACTACTGGGGTCAAGGAACCTCAGTCACCGTCTCCTCAGCCAAAACAACACCCCCATCAGTCTATCCACTGGCCCCTGGGTGTGGAGATACAACTGGTTCCTCTGTGACTCTGGGATGCCTGGTCAAGGG	F	T	IGHV1-22*01		IGHJ4*01	GAGGTCCAGTTGCAACAGTCTGGACCT...GAGTTGGTGAAGCCTGGGGCTTCAGTGAAGGTGTCCTGCAAGGCTTCTGGATACACATTC............ACTGACTGCAACATGTTCTGGCTGAAACAGAGTCATGGAAAGAGCCTTGAGTGGATTGGATATATTAATCCTAGT......AATGGTGGCACTAGTTACAACCGGAAGTTCTGG...GGCAAGGCCACATTGACTGTGATCGAGGCCTCCAGCACAGCCTATATGGAGCTCCGCAGTCTGACTTCGGAGGATTCTGCAGTCTATTACTGTGCAAGAAGGGAGGAGGATGCTCTGGACTACTGGGGTCAAGGAACCTCAGTCACCGTCTCCTCAG	GAGGTCCAGCTGCAACAGTCTGGACCT...GAGCTGGTGAAGCCTGGGGCTTCAGTGAAGATGTCCTGCAAGGCTTCTGGATACACATTC............ACTGACTACAACATGCACTGGGTGAAGCAGAGCCATGGAAAGAGCCTTGAGTGGATTGGATATATTAACCCTAAC......AATGGTGGTACTAGCTACAACCAGAAGTTCAAG...GGCAAGGCCACATTGACTGTAAACAAGTCCTCCAGCACAGCCTACATGGAGCTCCGCAGCCTGACATCGGAGGATTCTGCAGTCTATTACTGTGCAAGANNNNNNNNNNATGCTATGGACTACTGGGGTCAAGGAACCTCAGTCACCGTCTCCTCAG	TGTGCAAGAAGGGAGGAGGATGCTCTGGACTACTGG	CARREEDALDYW	113S9=1X20=1X26=1X36=1X7=2X4=1X4=1X5=1X35=1X4=2X8=1X5=1X7=1X7=2X21=1X1=1X1=1X2=1X16=1X14=1X5=1X33=		417S6N5=1X42=	F	T	IGH	36	10		114	407	1	318					418	465	7	54	385	0.91837	8.99E-109				87.2	0.97917	2.41E-21	GAGGTCCAGTTGCAACAGTCTGGACCT...GAGTTGGTGAAGCCTGGGGCTTCAGTGAAGGTGTCCTGCAAGGCTTCT	ATGTTCTGGCTGAAACAGAGTCATGGAAAGAGCCTTGAGTGGATTGGATAT	AGTTACAACCGGAAGTTCTGG...GGCAAGGCCACATTGACTGTGATCGAGGCCTCCAGCACAGCCTATATGGAGCTCCGCAGTCTGACTTCGGAGGATTCTGCAGTCTATTACTGT	TGGGGTCAAGGAACCTCAGTCACCGTCTCCTCAG	GGATACACATTC............ACTGACTGCAAC	ATTAATCCTAGT......AATGGTGGCACT	GCAAGAAGGGAGGAGGATGCTCTGGACTAC	GCAAACTGTAGAGCTG-1	IGHG2B	1900	2262_2669	11	IGHV1-22		IGHJ4	TGTGCAAGAAGGGAGGAGGATGCTCTGGACTACTGG	CARREEDALDYW	GAGGTCCAGCTGCAACAGTCTGGACCT...GAGCTGGTGAAGCCTGGGGCTTCAGTGAAGATGTCCTGCAAGGCTTCTGGATACACATTC............ACTGACTACAACATGCACTGGGTGAAGCAGAGCCATGGAAAGAGCCTTGAGTGGATTGGATATATTAACCCTAAC......AATGGTGGTACTAGCTACAACCAGAAGTTCAAG...GGCAAGGCCACATTGACTGTAAACAAGTCCTCCAGCACAGCCTACATGGAGCTCCGCAGCCTGACATCGGAGGATTCTGCAGTCTATTACTGTGCAAGANNNNNNNNNNATGCTATGGACTACTGGGGTCAAGGAACCTCAGTCACCGTCTCCTCAG	IGHV1-22*01		IGHJ4*01
GAACGGATCTCCTATA-1_contig_2	GGATCCTCTTCTCTTAGAGCCTCCATCAGAGCATGGCTGTCCTGGGGCTGCTTCTCTGCCTGGTGACTTTCCCAAGCTGTGTCCTGTCCCAGGTGCAGCTGAAGGAGTCAGGACCTGGCCTGGTGGCGCCCTCACAGAGCCTGTCCATCACATGCACCGTCTCAGGGTTCTCATTAACCAGCCATGGTGTACACTGGGTTCGCCAGCCTCCAGGAAAGGGTCTGGAGTGGCTGGTAGTGATATGGAGTGATGGAAGCACAACCTATAATTCAGCTCTCAAATCCAGACTGAACATCAGCAAGGACAACTCCAAGAGCCAAGTTTTCTTAAAGATGAACAGTCTCCAAACTGATGACACAGCCATGTACTACTGTGCCAGACATGACCCCCCTAACTGGGACACTGCCTGGTTTGCTTACTGGGGCCAAGGGACTCTGGTCACTGTCTCTGCAGCCAAAACAACACCCCCATCAGTCTATCCACTGGCCCCTGGGTGTGGAGATACAACTGGTTCCTCTGTGACTCTGGGATGCCTGGTCAAGGG	F	T	"IGHV2-6-1*01,IGHV2-6-2*01"	IGHD4-1*01	IGHJ3*01	CAGGTGCAGCTGAAGGAGTCAGGACCT...GGCCTGGTGGCGCCCTCACAGAGCCTGTCCATCACATGCACCGTCTCAGGGTTCTCATTA............ACCAGCCATGGTGTACACTGGGTTCGCCAGCCTCCAGGAAAGGGTCTGGAGTGGCTGGTAGTGATATGGAGTGAT.........GGAAGCACAACCTATAATTCAGCTCTCAAA...TCCAGACTGAACATCAGCAAGGACAACTCCAAGAGCCAAGTTTTCTTAAAGATGAACAGTCTCCAAACTGATGACACAGCCATGTACTACTGTGCCAGACATGACCCCCCTAACTGGGACACTGCCTGGTTTGCTTACTGGGGCCAAGGGACTCTGGTCACTGTCTCTGCAG	CAGGTGCAGCTGAAGGAGTCAGGACCT...GGCCTGGTGGCGCCCTCACAGAGCCTGTCCATCACATGCACCATCTCAGGGTTCTCATTA............ACCAGCTATGGTGTACACTGGGTTCGCCAGCCTCCAGGAAAGGGTCTGGAGTGGCTGGTAGTGATATGGAGTGAT.........GGAAGCACAACCTATAATTCAGCTCTCAAA...TCCAGACTGAGCATCAGCAAGGACAACTCCAAGAGCCAAGTTTTCTTAAAAATGAACAGTCTCCAAACTGATGACACAGCCATGTACTACTGTGCCAGACANNNNNNNNCTAACTGGGACNNNNCCTGGTTTGCTTACTGGGGCCAAGGGACTCTGGTCACTGTCTCTGCAG	TGTGCCAGACATGACCCCCCTAACTGGGACACTGCCTGGTTTGCTTACTGG	CARHDPPNWDTAWFAYW	89S69=1X23=1X108=1X39=1X50=	390S11=	405S48=	F	T	IGH	51	8	4	90	382	1	320	391	401	1	11	406	453	1	48	445	0.98635	4.48E-127	21.8	1	0.048	93	1	4.32E-23	CAGGTGCAGCTGAAGGAGTCAGGACCT...GGCCTGGTGGCGCCCTCACAGAGCCTGTCCATCACATGCACCGTCTCA	GTACACTGGGTTCGCCAGCCTCCAGGAAAGGGTCTGGAGTGGCTGGTAGTG	ACCTATAATTCAGCTCTCAAA...TCCAGACTGAACATCAGCAAGGACAACTCCAAGAGCCAAGTTTTCTTAAAGATGAACAGTCTCCAAACTGATGACACAGCCATGTACTACTGT	TGGGGCCAAGGGACTCTGGTCACTGTCTCTGCAG	GGGTTCTCATTA............ACCAGCCATGGT	ATATGGAGTGAT.........GGAAGCACA	GCCAGACATGACCCCCCTAACTGGGACACTGCCTGGTTTGCTTAC	GAACGGATCTCCTATA-1	IGHG2B	510	2677_2416	4	IGHV2-6		IGHJ3	TGTGCCAGACATGACCCCCCTAACTGGGACACTGCCTGGTTTGCTTACTGG	CARHDPPNWDTAWFAYW	CAGGTGCAGCTGAAGGAGTCAGGACCT...GGCCTGGTGGCGCCCTCACAGAGCCTGTCCATCACATGCACCATCTCAGGGTTCTCATTA............ACCAGCTATGGTGTACACTGGGTTCGCCAGCCTCCAGGAAAGGGTCTGGAGTGGCTGGTAGTGATATGGAGTGAT.........GGAAGCACAACCTATAATTCAGCTCTCAAA...TCCAGACTGAGCATCAGCAAGGACAACTCCAAGAGCCAAGTTTTCTTAAAAATGAACAGTCTCCAAACTGATGACACAGCCATGTACTACTGTGCCAGACANNNNNNNNNNNNNNNNNNNNNNNCCTGGTTTGCTTACTGGGGCCAAGGGACTCTGGTCACTGTCTCTGCAG	IGHV2-6-1*01	IGHD4-1*01	IGHJ3*01
CAGCATAAGCACCGCT-1_contig_2	TGGATTCCCAGGTCCTCACATTCAGTGATCAGCACTGAACACAGACCACTCACCATGGACTCCAGGCTCAATTTAGTTTTCCTTGTCCTTATTTTAAAAGGTGTCCAGTGTGAGGTGCAGCTGGTGGAGTCTGGGGGAGGCTTAGTGAAGCCTGGAGGGTCCCTGAAACTCTCCTGTGCAGCCTCTGGATTCACTTTCAGTGACTATGGAATGCACTGGGTTCGTCAGGCTCCAGAGAAGGGGCTGGAGTGGGTTGCATACATTAGTAGTGGCAGTAGTACCATCTACTATGCAGACACAGTGAAGGGCCGATTCACCATCTCCAGAGACAATGCCAAGAACACCCTGTTCCTGCAAATGACCAGTCTGAGGTCTGAGGACACGGCCATGTATTACTGTGCAAAAATCTACTATGGTAACGGTCTTGCTATGGACTACTGGGGTCAAGGAACCTCAGTCACCGTCTCCTCAGCCAAAACAACACCCCCATCAGTCTATCCACTGGCCCCTGGGTGTGGAGATACAACTGGTTCCTCTGTGACTCTGGGATGCCTGGTCAAGGG	F	T	IGHV5-17*01	"IGHD2-1*01,IGHD2-8*01"	IGHJ4*01	GAGGTGCAGCTGGTGGAGTCTGGGGGA...GGCTTAGTGAAGCCTGGAGGGTCCCTGAAACTCTCCTGTGCAGCCTCTGGATTCACTTTC............AGTGACTATGGAATGCACTGGGTTCGTCAGGCTCCAGAGAAGGGGCTGGAGTGGGTTGCATACATTAGTAGTGGC......AGTAGTACCATCTACTATGCAGACACAGTGAAG...GGCCGATTCACCATCTCCAGAGACAATGCCAAGAACACCCTGTTCCTGCAAATGACCAGTCTGAGGTCTGAGGACACGGCCATGTATTACTGTGCAAAAATCTACTATGGTAACGGTCTTGCTATGGACTACTGGGGTCAAGGAACCTCAGTCACCGTCTCCTCAG	GAGGTGCAGCTGGTGGAGTCTGGGGGA...GGCTTAGTGAAGCCTGGAGGGTCCCTGAAACTCTCCTGTGCAGCCTCTGGATTCACTTTC............AGTGACTATGGAATGCACTGGGTTCGTCAGGCTCCAGAGAAGGGGCTGGAGTGGGTTGCATACATTAGTAGTGGC......AGTAGTACCATCTACTATGCAGACACAGTGAAG...GGCCGATTCACCATCTCCAGAGACAATGCCAAGAACACCCTGTTCCTGCAAATGACCAGTCTGAGGTCTGAGGACACGGCCATGTATTACTGTGCAANNNTCTACTATGGTAACNNNNNTGCTATGGACTACTGGGGTCAAGGAACCTCAGTCACCGTCTCCTCAG	TGTGCAAAAATCTACTATGGTAACGGTCTTGCTATGGACTACTGG	CAKIYYGNGLAMDYW	111S292=	406S14=	425S7N47=	F	T	IGH	45	3	5	112	403	1	316	407	420	1	14	426	472	8	54	456	1	2.42E-130	27.6	1	0.001	91.1	1	1.70E-22	GAGGTGCAGCTGGTGGAGTCTGGGGGA...GGCTTAGTGAAGCCTGGAGGGTCCCTGAAACTCTCCTGTGCAGCCTCT	ATGCACTGGGTTCGTCAGGCTCCAGAGAAGGGGCTGGAGTGGGTTGCATAC	TACTATGCAGACACAGTGAAG...GGCCGATTCACCATCTCCAGAGACAATGCCAAGAACACCCTGTTCCTGCAAATGACCAGTCTGAGGTCTGAGGACACGGCCATGTATTACTGT	TGGGGTCAAGGAACCTCAGTCACCGTCTCCTCAG	GGATTCACTTTC............AGTGACTATGGA	ATTAGTAGTGGC......AGTAGTACCATC	GCAAAAATCTACTATGGTAACGGTCTTGCTATGGACTAC	CAGCATAAGCACCGCT-1	IGHG2B	670	2892_1236	5	IGHV5-17		IGHJ4	TGTGCAAAAATCTACTATGGTAACGGTCTTGCTATGGACTACTGG	CAKIYYGNGLAMDYW	GAGGTGCAGCTGGTGGAGTCTGGGGGA...GGCTTAGTGAAGCCTGGAGGGTCCCTGAAACTCTCCTGTGCAGCCTCTGGATTCACTTTC............AGTGACTATGGAATGCACTGGGTTCGTCAGGCTCCAGAGAAGGGGCTGGAGTGGGTTGCATACATTAGTAGTGGC......AGTAGTACCATCTACTATGCAGACACAGTGAAG...GGCCGATTCACCATCTCCAGAGACAATGCCAAGAACACCCTGTTCCTGCAAATGACCAGTCTGAGGTCTGAGGACACGGCCATGTATTACTGTGCAANNNNNNNNNNNNNNNNNNNNNNTGCTATGGACTACTGGGGTCAAGGAACCTCAGTCACCGTCTCCTCAG	IGHV5-17*01	IGHD2-1*01	IGHJ4*01
TTCGAAGAGGACACCA-1_contig_2	TGGGAACATATGTACAATGTCCTCACCACAGACACTGAACACACTGACTCTAACCATGGGATGGAGCTGGATCTTTCTCTTTCTCCTGTCAGGAACTGCAGGTGTCCTCTCTGAGGTCCAGCTGCAACAATCTGGACCTGAACTGGTGAAGCTTGGGGCTTCAGTGAAGATATCCTGTAAGGCTTCTGGATACACGTTCACTGACTACTACATGAACTGGGTGAAGCAGAGCCATGGAAAGAGCCTTGAATGGATTGGAGATATTAATCCTAACAATGGTGGTACTAGCTACAACCAGAAGTTCAAGGGCAAGGCCACATTGACTGTAGACAAGTCCTCCAGCACAGCCTACATGGAGCTCCGCAGCCTGACATCTGAGGACTCTGCAGTCTATTACTGTGCAAGATCTAGGGGTAGTAGCCAAGCCTGGTTTGCTTACTGGGGCCAAGGGACTCTGGTCACTGTCTCTGCAGCCAAAACAACACCCCCATCAGTCTATCCACTGGCCCCTGGGTGTGGAGATACAACTGGTTCCTCTGTGACTCTGGGATGCCTGGTCAAGGG	F	T	IGHV1-26*01	IGHD1-1*01	IGHJ3*01	GAGGTCCAGCTGCAACAATCTGGACCT...GAACTGGTGAAGCTTGGGGCTTCAGTGAAGATATCCTGTAAGGCTTCTGGATACACGTTC............ACTGACTACTACATGAACTGGGTGAAGCAGAGCCATGGAAAGAGCCTTGAATGGATTGGAGATATTAATCCTAAC......AATGGTGGTACTAGCTACAACCAGAAGTTCAAG...GGCAAGGCCACATTGACTGTAGACAAGTCCTCCAGCACAGCCTACATGGAGCTCCGCAGCCTGACATCTGAGGACTCTGCAGTCTATTACTGTGCAAGATCTAGGGGTAGTAGCCAAGCCTGGTTTGCTTACTGGGGCCAAGGGACTCTGGTCACTGTCTCTGCAG	GAGGTCCAGCTGCAACAATCTGGACCT...GAGCTGGTGAAGCCTGGGGCTTCAGTGAAGATATCCTGTAAGGCTTCTGGATACACGTTC............ACTGACTACTACATGAACTGGGTGAAGCAGAGCCATGGAAAGAGCCTTGAGTGGATTGGAGATATTAATCCTAAC......AATGGTGGTACTAGCTACAACCAGAAGTTCAAG...GGCAAGGCCACATTGACTGTAGACAAGTCCTCCAGCACAGCCTACATGGAGCTCCGCAGCCTGACATCTGAGGACTCTGCAGTCTATTACTGTGCAAGANNNNNNGGTAGTAGCNNNNCCTGGTTTGCTTACTGGGGCCAAGGGACTCTGGTCACTGTCTCTGCAG	TGTGCAAGATCTAGGGGTAGTAGCCAAGCCTGGTTTGCTTACTGG	CARSRGSSQAWFAYW	112S29=1X10=1X96=1X156=	412S11N9=	425S48=	F	T	IGH	45	6	4	113	406	1	318	413	421	12	20	426	473	1	48	450	0.9898	1.82E-128	18	1	0.71	93	1	4.48E-23	GAGGTCCAGCTGCAACAATCTGGACCT...GAACTGGTGAAGCTTGGGGCTTCAGTGAAGATATCCTGTAAGGCTTCT	ATGAACTGGGTGAAGCAGAGCCATGGAAAGAGCCTTGAATGGATTGGAGAT	AGCTACAACCAGAAGTTCAAG...GGCAAGGCCACATTGACTGTAGACAAGTCCTCCAGCACAGCCTACATGGAGCTCCGCAGCCTGACATCTGAGGACTCTGCAGTCTATTACTGT	TGGGGCCAAGGGACTCTGGTCACTGTCTCTGCAG	GGATACACGTTC............ACTGACTACTAC	ATTAATCCTAAC......AATGGTGGTACT	GCAAGATCTAGGGGTAGTAGCCAAGCCTGGTTTGCTTAC	TTCGAAGAGGACACCA-1	IGHG2B	542	3217_4312	3	IGHV1-26		IGHJ3	TGTGCAAGATCTAGGGGTAGTAGCCAAGCCTGGTTTGCTTACTGG	CARSRGSSQAWFAYW	GAGGTCCAGCTGCAACAATCTGGACCT...GAGCTGGTGAAGCCTGGGGCTTCAGTGAAGATATCCTGTAAGGCTTCTGGATACACGTTC............ACTGACTACTACATGAACTGGGTGAAGCAGAGCCATGGAAAGAGCCTTGAGTGGATTGGAGATATTAATCCTAAC......AATGGTGGTACTAGCTACAACCAGAAGTTCAAG...GGCAAGGCCACATTGACTGTAGACAAGTCCTCCAGCACAGCCTACATGGAGCTCCGCAGCCTGACATCTGAGGACTCTGCAGTCTATTACTGTGCAAGANNNNNNNNNNNNNNNNNNNCCTGGTTTGCTTACTGGGGCCAAGGGACTCTGGTCACTGTCTCTGCAG	IGHV1-26*01	IGHD1-1*01	IGHJ3*01
CCTAAAGGTGCATCTA-1_contig_1	TGGGGAAGTGTGCAGCCATGGGCAGGCTTACTTCTTCATTCCTGTTACTGATTGTCCCTGCATATGTCCTGTCCCAGGTTACTCTGAAAGAGTCTGGCCCTGGGATATTGCAGACCTCCCAGACCCTCAGTCTGACTTGTTCTTTCTCTGGGTTTTCACTGAACACTCTTGGTCTGGGTGTAGGCTGGATTCGTCAGCCTTCAGGGAAGGGTCTGGAGTGGCTGGCACACATTTGGTGGGATGATGATAAGTACTATAACCCAGCCCTGAAGAGTCGGCTCACAATCTCCAAGGATACCTCCAAAAACCAGGTATTCCTCAAGATCGCCAATGTGGACACTGCAGATACTGCCACATACTACTGTGCTCGAATGAAGGGGTATGATGGAACAACGTACTTCGATGTCTGGGGCACAGGGACCACGGTCACCGTCTCCTCAGCCAAAACAACACCCCCATCAGTCTATCCACTGGCCCCTGGGTGTGGAGATACAACTGGTTCCTCTGTGACTCTGGGATGCCTGGTCAAGGG	F	T	IGHV8-8*01	IGHD2-3*01	IGHJ1*03	CAGGTTACTCTGAAAGAGTCTGGCCCT...GGGATATTGCAGACCTCCCAGACCCTCAGTCTGACTTGTTCTTTCTCTGGGTTTTCACTGAAC......ACTCTTGGTCTGGGTGTAGGCTGGATTCGTCAGCCTTCAGGGAAGGGTCTGGAGTGGCTGGCACACATTTGGTGGGAT.........GATGATAAGTACTATAACCCAGCCCTGAAG...AGTCGGCTCACAATCTCCAAGGATACCTCCAAAAACCAGGTATTCCTCAAGATCGCCAATGTGGACACTGCAGATACTGCCACATACTACTGTGCTCGAATGAAGGGGTATGATGGAACAACGTACTTCGATGTCTGGGGCACAGGGACCACGGTCACCGTCTCCTCAG	CAGGTTACTCTGAAAGAGTCTGGCCCT...GGGATATTGCAGCCCTCCCAGACCCTCAGTCTGACTTGTTCTTTCTCTGGGTTTTCACTGAGC......ACTTTTGGTATGGGTGTAGGCTGGATTCGTCAGCCTTCAGGGAAGGGTCTGGAGTGGCTGGCACACATTTGGTGGGAT.........GATGATAAGTACTATAACCCAGCCCTGAAG...AGTCGGCTCACAATCTCCAAGGATACCTCCAAAAACCAGGTATTCCTCAAGATCGCCAATGTGGACACTGCAGATACTGCCACATACTACTGTGCTCGAATNNNNNNNTATGATGGNNNNNNGTACTTCGATGTCTGGGGCACAGGGACCACGGTCACCGTCTCCTCAG	TGTGCTCGAATGAAGGGGTATGATGGAACAACGTACTTCGATGTCTGG	CARMKGYDGTTYFDVW	74S39=1X48=1X4=1X5=1X199=	380S2N8=	394S6N47=	F	T	IGH	48	7	6	75	373	1	320	381	388	3	10	395	441	7	53	455	0.98662	6.71E-130	16.1	1	2.5	91.1	1	1.60E-22	CAGGTTACTCTGAAAGAGTCTGGCCCT...GGGATATTGCAGACCTCCCAGACCCTCAGTCTGACTTGTTCTTTCTCT	GTAGGCTGGATTCGTCAGCCTTCAGGGAAGGGTCTGGAGTGGCTGGCACAC	TACTATAACCCAGCCCTGAAG...AGTCGGCTCACAATCTCCAAGGATACCTCCAAAAACCAGGTATTCCTCAAGATCGCCAATGTGGACACTGCAGATACTGCCACATACTACTGT	TGGGGCACAGGGACCACGGTCACCGTCTCCTCAG	GGGTTTTCACTGAAC......ACTCTTGGTCTGGGT	ATTTGGTGGGAT.........GATGATAAG	GCTCGAATGAAGGGGTATGATGGAACAACGTACTTCGATGTC	CCTAAAGGTGCATCTA-1	IGHG2B	1976	3853_1564	8	IGHV8-8		IGHJ1	TGTGCTCGAATGAAGGGGTATGATGGAACAACGTACTTCGATGTCTGG	CARMKGYDGTTYFDVW	CAGGTTACTCTGAAAGAGTCTGGCCCT...GGGATATTGCAGCCCTCCCAGACCCTCAGTCTGACTTGTTCTTTCTCTGGGTTTTCACTGAGC......ACTTTTGGTATGGGTGTAGGCTGGATTCGTCAGCCTTCAGGGAAGGGTCTGGAGTGGCTGGCACACATTTGGTGGGAT.........GATGATAAGTACTATAACCCAGCCCTGAAG...AGTCGGCTCACAATCTCCAAGGATACCTCCAAAAACCAGGTATTCCTCAAGATCGCCAATGTGGACACTGCAGATACTGCCACATACTACTGTGCTCGAATNNNNNNNNNNNNNNNNNNNNNGTACTTCGATGTCTGGGGCACAGGGACCACGGTCACCGTCTCCTCAG	IGHV8-8*01	IGHD2-3*01	IGHJ1*03
TAGTGGTTCATTTGGG-1_contig_1	ATCTGGGGATGAAAACAACTTATGATCAGTGTCCTCTCCACAGTCCCTGAAGACACTGACTCTAACCATGGGATTCAGCAGGATCTTTCTCTTCCTCCTGTCAGTAACTACAGGTGTCCACTCCCAGGCTTATCTACAGCAGTCTGGGGCTGAGCTGGTGAGGCCTGGGGCCTCAGTGAAGATGTCCTGCAAGGCTTCTGGCTACACATTTACCAGTTACAATATGCACTGGGTAAAGCAGACACCTAGACAGGGCCTGGAATGGATAGGAGCTATTTATCCAGGAAATGGTGATACTTCCTACAATCAGAAATTCAAGGGCAAGGCCACACTGACTGTAGACCAATCCTCCAGCACAGCCTACATGCAGCTCAGCAGCCTGACATCTGAAGACTCTGCGGTCTATTTCTGTGCAAGATTCTACGGTAGTAGACACGGAGGGGACTATGTTATGGACTACTGGGGTCAAGGAACCTCAGTCACCGTCTCCTCAGCCAAAACAACACCCCCATCAGTCTATCCACTGGCCCCTGGGTGTGGAGATACAACTGGTTCCTCTGTGACTCTGGGATGCCTGGTCAAGGG	F	T	IGHV1-12*01	IGHD1-1*01	IGHJ4*01	CAGGCTTATCTACAGCAGTCTGGGGCT...GAGCTGGTGAGGCCTGGGGCCTCAGTGAAGATGTCCTGCAAGGCTTCTGGCTACACATTT............ACCAGTTACAATATGCACTGGGTAAAGCAGACACCTAGACAGGGCCTGGAATGGATAGGAGCTATTTATCCAGGA......AATGGTGATACTTCCTACAATCAGAAATTCAAG...GGCAAGGCCACACTGACTGTAGACCAATCCTCCAGCACAGCCTACATGCAGCTCAGCAGCCTGACATCTGAAGACTCTGCGGTCTATTTCTGTGCAAGATTCTACGGTAGTAGACACGGAGGGGACTATGTTATGGACTACTGGGGTCAAGGAACCTCAGTCACCGTCTCCTCAG	CAGGCTTATCTACAGCAGTCTGGGGCT...GAGCTGGTGAGGCCTGGGGCCTCAGTGAAGATGTCCTGCAAGGCTTCTGGCTACACATTT............ACCAGTTACAATATGCACTGGGTAAAGCAGACACCTAGACAGGGCCTGGAATGGATTGGAGCTATTTATCCAGGA......AATGGTGATACTTCCTACAATCAGAAGTTCAAG...GGCAAGGCCACACTGACTGTAGACAAATCCTCCAGCACAGCCTACATGCAGCTCAGCAGCCTGACATCTGAAGACTCTGCGGTCTATTTCTGTGCAAGANNCTACGGTAGTAGNNNNNNNNNNNACTATGCTATGGACTACTGGGGTCAAGGAACCTCAGTCACCGTCTCCTCAG	TGTGCAAGATTCTACGGTAGTAGACACGGAGGGGACTATGTTATGGACTACTGG	CARFYGSRHGGDYVMDYW	124S143=1X44=1X30=1X74=	420S7N12=	443S3N6=1X44=	F	T	IGH	54	2	11	125	418	1	318	421	432	8	19	444	494	4	54	450	0.9898	1.89E-128	23.8	1	0.014	93	0.98039	4.65E-23	CAGGCTTATCTACAGCAGTCTGGGGCT...GAGCTGGTGAGGCCTGGGGCCTCAGTGAAGATGTCCTGCAAGGCTTCT	ATGCACTGGGTAAAGCAGACACCTAGACAGGGCCTGGAATGGATAGGAGCT	TCCTACAATCAGAAATTCAAG...GGCAAGGCCACACTGACTGTAGACCAATCCTCCAGCACAGCCTACATGCAGCTCAGCAGCCTGACATCTGAAGACTCTGCGGTCTATTTCTGT	TGGGGTCAAGGAACCTCAGTCACCGTCTCCTCAG	GGCTACACATTT............ACCAGTTACAAT	ATTTATCCAGGA......AATGGTGATACT	GCAAGATTCTACGGTAGTAGACACGGAGGGGACTATGTTATGGACTAC	TAGTGGTTCATTTGGG-1	IGHG2B	972	4241_3677	6	IGHV1-12		IGHJ4	TGTGCAAGATTCTACGGTAGTAGACACGGAGGGGACTATGTTATGGACTACTGG	CARFYGSRHGGDYVMDYW	CAGGCTTATCTACAGCAGTCTGGGGCT...GAGCTGGTGAGGCCTGGGGCCTCAGTGAAGATGTCCTGCAAGGCTTCTGGCTACACATTT............ACCAGTTACAATATGCACTGGGTAAAGCAGACACCTAGACAGGGCCTGGAATGGATTGGAGCTATTTATCCAGGA......AATGGTGATACTTCCTACAATCAGAAGTTCAAG...GGCAAGGCCACACTGACTGTAGACAAATCCTCCAGCACAGCCTACATGCAGCTCAGCAGCCTGACATCTGAAGACTCTGCGGTCTATTTCTGTGCAAGANNNNNNNNNNNNNNNNNNNNNNNNNACTATGCTATGGACTACTGGGGTCAAGGAACCTCAGTCACCGTCTCCTCAG	IGHV1-12*01	IGHD1-1*01	IGHJ4*01
CACATTTTCCTGTACC-1_contig_2	GACATATGTCCAATGTTCTCTCCACAGCCCCTGAAGACACTGACTCTAACTATGGAATGGAGCTGGGTCTTTCTCTTCCTCCTGTCAGTAACTACAGGTGTCCACTCTGAGGTCAAGCTGCAGCAGTCTGGACCTGAGCTGGTGAAGCCTGGGGCTTCAGTGAAGATATCCTGCAAGGCTTCTGGTTACTCATTCACTGACTACTACATACACTGGGTGAAACAAAGTTCTGAAAAGAGCCTTGAGTGGATTGGAGAGATTAATCCTGGCACTGGTGGTACTAACTACAACCAGAAGTTCAAGGGCAAGGCCACATTGACTGTAGACAAGTCATCCAGCACAGCCTACATGCAGCTCAAGAGCCTGACATCTGAGGACTCTGCTGTCTATTACTGTGCAAGATTCTATGATTACGGCGCCTGGTTTGCTTACTGGGGCCAAGGGACTCTGGTCACTGTCTCTGCAGCCAAAACAACACCCCCATCAGTCTATCCACTGGCCCCTGGGTGTGGAGATACAACTGGTTCCTCTGTGACTCTGGGATGCCTGGTCAAGGG	F	T	IGHV1-43*01	"IGHD2-4*01,IGHD2-9*02"	IGHJ3*01	GAGGTCAAGCTGCAGCAGTCTGGACCT...GAGCTGGTGAAGCCTGGGGCTTCAGTGAAGATATCCTGCAAGGCTTCTGGTTACTCATTC............ACTGACTACTACATACACTGGGTGAAACAAAGTTCTGAAAAGAGCCTTGAGTGGATTGGAGAGATTAATCCTGGC......ACTGGTGGTACTAACTACAACCAGAAGTTCAAG...GGCAAGGCCACATTGACTGTAGACAAGTCATCCAGCACAGCCTACATGCAGCTCAAGAGCCTGACATCTGAGGACTCTGCTGTCTATTACTGTGCAAGATTCTATGATTACGGCGCCTGGTTTGCTTACTGGGGCCAAGGGACTCTGGTCACTGTCTCTGCAG	GAGGTCAAGCTGCAGCAGTCTGGACCT...GAGCTGGTGAAGCCTGGGGCTTCAGTGAAGATATCCTGCAAGGCTTCTGGTTACTCATTC............ACTGGCTACTACATGCACTGGGTGAAGCAAAGTTCTGAAAAGAGCCTTGAGTGGATTGGAGAGATTAATCCTAGC......ACTGGTGGTACTAGCTACAACCAGAAGTTCAAG...GGCAAGGCCACATTAACTGTAGACAAGTCATCCAGCACAGCCTACATGCAGCTCAAGAGCCTGACATCTGAGGACTCTGCTGTCTATTACTGTGCAAGANNCTATGATTACGNNNCCTGGTTTGCTTACTGGGGCCAAGGGACTCTGGTCACTGTCTCTGCAG	TGTGCAAGATTCTATGATTACGGCGCCTGGTTTGCTTACTGG	CARFYDYGAWFAYW	108S91=1X9=1X11=1X45=1X15=1X33=1X84=	404S4N11=	418S48=	F	T	IGH	42	2	3	109	402	1	318	405	415	5	15	419	466	1	48	441	0.97959	1.17E-125	21.8	1	0.049	93	1	4.43E-23	GAGGTCAAGCTGCAGCAGTCTGGACCT...GAGCTGGTGAAGCCTGGGGCTTCAGTGAAGATATCCTGCAAGGCTTCT	ATACACTGGGTGAAACAAAGTTCTGAAAAGAGCCTTGAGTGGATTGGAGAG	AACTACAACCAGAAGTTCAAG...GGCAAGGCCACATTGACTGTAGACAAGTCATCCAGCACAGCCTACATGCAGCTCAAGAGCCTGACATCTGAGGACTCTGCTGTCTATTACTGT	TGGGGCCAAGGGACTCTGGTCACTGTCTCTGCAG	GGTTACTCATTC............ACTGACTACTAC	ATTAATCCTGGC......ACTGGTGGTACT	GCAAGATTCTATGATTACGGCGCCTGGTTTGCTTAC	CACATTTTCCTGTACC-1	IGHG2B	392	693_1139	2	IGHV1-43		IGHJ3	TGTGCAAGATTCTATGATTACGGCGCCTGGTTTGCTTACTGG	CARFYDYGAWFAYW	GAGGTCAAGCTGCAGCAGTCTGGACCT...GAGCTGGTGAAGCCTGGGGCTTCAGTGAAGATATCCTGCAAGGCTTCTGGTTACTCATTC............ACTGGCTACTACATGCACTGGGTGAAGCAAAGTTCTGAAAAGAGCCTTGAGTGGATTGGAGAGATTAATCCTAGC......ACTGGTGGTACTAGCTACAACCAGAAGTTCAAG...GGCAAGGCCACATTAACTGTAGACAAGTCATCCAGCACAGCCTACATGCAGCTCAAGAGCCTGACATCTGAGGACTCTGCTGTCTATTACTGTGCAAGANNNNNNNNNNNNNNNNCCTGGTTTGCTTACTGGGGCCAAGGGACTCTGGTCACTGTCTCTGCAG	IGHV1-43*01	IGHD2-4*01	IGHJ3*01
TACCTTATCCCAAGAT-1_contig_2	AAGCACACAGGATCTCACCATGGGATGGAGCTGTATCATCCTCATTTTGGTAGCAGCAGCTACAGGTGTCCACTCCCAGGTCCAACTGCAGCAGCCTGGGGCTGAGCTTGTGAAGCCTGGGGCTTCAGTGAAGATGTCCTGCAAGGCTTCTGGCTACACCTTCACCAGCTACTGGATAACCTGGGTGAAGCAGAGGCCTGGACAAGGCCTTGAGTGGATTGGAGATATTTATCCTGGTAGTGGTAGTACTAACTACAATGAGAAGTTCAAGAGCAAGGCCACACTGACTGTAGACACATCCTCCAGCACAGCCTACATGCAGCTCAGCAGCCTGACATCTGAGGACTCTGCGGTCTATTACTGTGCAAGAGGGTTGACTGGGACGGAATTTGCTTACTGGGGCCAAGGGACTCTGGTCACTGTCTCTGCAGCCAAAACAACAGCCCCATCGGTCTATCCACTGGCCCCTGTGTGTGGAGGTACAACTGGCTCCTCGGTGACTCTAGGATGCCTGGTCAAGGG	F	T	IGHV1-55*01	"IGHD4-1*01,IGHD4-1*02"	IGHJ3*01	CAGGTCCAACTGCAGCAGCCTGGGGCT...GAGCTTGTGAAGCCTGGGGCTTCAGTGAAGATGTCCTGCAAGGCTTCTGGCTACACCTTC............ACCAGCTACTGGATAACCTGGGTGAAGCAGAGGCCTGGACAAGGCCTTGAGTGGATTGGAGATATTTATCCTGGT......AGTGGTAGTACTAACTACAATGAGAAGTTCAAG...AGCAAGGCCACACTGACTGTAGACACATCCTCCAGCACAGCCTACATGCAGCTCAGCAGCCTGACATCTGAGGACTCTGCGGTCTATTACTGTGCAAGAGGGTTGACTGGGACGGAATTTGCTTACTGGGGCCAAGGGACTCTGGTCACTGTCTCTGCAG	CAGGTCCAACTGCAGCAGCCTGGGGCT...GAGCTTGTGAAGCCTGGGGCTTCAGTGAAGATGTCCTGCAAGGCTTCTGGCTACACCTTC............ACCAGCTACTGGATAACCTGGGTGAAGCAGAGGCCTGGACAAGGCCTTGAGTGGATTGGAGATATTTATCCTGGT......AGTGGTAGTACTAACTACAATGAGAAGTTCAAG...AGCAAGGCCACACTGACTGTAGACACATCCTCCAGCACAGCCTACATGCAGCTCAGCAGCCTGACATCTGAGGACTCTGCGGTCTATTACTGTGCAAGANNNNNNACTGGGACNNNNTTTGCTTACTGGGGCCAAGGGACTCTGGTCACTGTCTCTGCAG	TGTGCAAGAGGGTTGACTGGGACGGAATTTGCTTACTGG	CARGLTGTEFAYW	76S294=	376S3N8=	388S5N43=	F	T	IGH	39	6	4	77	370	1	318	377	384	4	11	389	431	6	48	459	1	2.58E-131	16.1	1	2.5	83.4	1	3.25E-20	CAGGTCCAACTGCAGCAGCCTGGGGCT...GAGCTTGTGAAGCCTGGGGCTTCAGTGAAGATGTCCTGCAAGGCTTCT	ATAACCTGGGTGAAGCAGAGGCCTGGACAAGGCCTTGAGTGGATTGGAGAT	AACTACAATGAGAAGTTCAAG...AGCAAGGCCACACTGACTGTAGACACATCCTCCAGCACAGCCTACATGCAGCTCAGCAGCCTGACATCTGAGGACTCTGCGGTCTATTACTGT	TGGGGCCAAGGGACTCTGGTCACTGTCTCTGCAG	GGCTACACCTTC............ACCAGCTACTGG	ATTTATCCTGGT......AGTGGTAGTACT	GCAAGAGGGTTGACTGGGACGGAATTTGCTTAC	TACCTTATCCCAAGAT-1	IGHG2C	100	1086_3567	1	IGHV1-55		IGHJ3	TGTGCAAGAGGGTTGACTGGGACGGAATTTGCTTACTGG	CARGLTGTEFAYW	CAGGTCCAACTGCAGCAGCCTGGGGCT...GAGCTTGTGAAGCCTGGGGCTTCAGTGAAGATGTCCTGCAAGGCTTCTGGCTACACCTTC............ACCAGCTACTGGATAACCTGGGTGAAGCAGAGGCCTGGACAAGGCCTTGAGTGGATTGGAGATATTTATCCTGGT......AGTGGTAGTACTAACTACAATGAGAAGTTCAAG...AGCAAGGCCACACTGACTGTAGACACATCCTCCAGCACAGCCTACATGCAGCTCAGCAGCCTGACATCTGAGGACTCTGCGGTCTATTACTGTGCAAGANNNNNNNNNNNNNNNNNNTTTGCTTACTGGGGCCAAGGGACTCTGGTCACTGTCTCTGCAG	IGHV1-55*01	IGHD4-1*01	IGHJ3*01
AAACCTGGTCAGAATA-1_contig_2	TTTGCAGTTTCTTATATGGGGAACAACCTATGATCAGTGTCCTCTCCACAGTCCCTGAAGACACTGACTCTAACCATGGGATTCAGCAGGATCTTTCTCTTCCTCCTGTCAGTAACTACAGGAAATGGTGATACTTCCTACAATCAGAAATTCAAGGGCAAGGCCACACTGACTGTAGACAAATCCTCCAGCACAGCCTACATGCAGCTCAGCAGCCTGACATCTGAAGACTCTGCGGTCTATTTCTGTGCAAGAGATAGTAACTACTCCTGGTTTGCTTACTGGGGCCAAGGGACTCTGGTCACTGTCTCTGCAGCCAAAACAACAGCCCCATCGGTCTATCCACTGGCCCCTGTGTGTGGAGGTACAACTGGCTCCTCGGTGACTCTAGGATGCCTGGTCAAGGG	F	T	IGHV1-12*01	"IGHD2-5*01,IGHD2-6*01"	IGHJ3*01	............................................................................................................................................................................CAGGA......AATGGTGATACTTCCTACAATCAGAAATTCAAG...GGCAAGGCCACACTGACTGTAGACAAATCCTCCAGCACAGCCTACATGCAGCTCAGCAGCCTGACATCTGAAGACTCTGCGGTCTATTTCTGTGCAAGAGATAGTAACTACTCCTGGTTTGCTTACTGGGGCCAAGGGACTCTGGTCACTGTCTCTGCAG	CAGGCTTATCTACAGCAGTCTGGGGCT...GAGCTGGTGAGGCCTGGGGCCTCAGTGAAGATGTCCTGCAAGGCTTCTGGCTACACATTT............ACCAGTTACAATATGCACTGGGTAAAGCAGACACCTAGACAGGGCCTGGAATGGATTGGAGCTATTTATCCAGGA......AATGGTGATACTTCCTACAATCAGAAGTTCAAG...GGCAAGGCCACACTGACTGTAGACAAATCCTCCAGCACAGCCTACATGCAGCTCAGCAGCCTGACATCTGAAGACTCTGCGGTCTATTTCTGTGCAAGANATAGTAACTACNCCTGGTTTGCTTACTGGGGCCAAGGGACTCTGGTCACTGTCTCTGCAG	TGTGCAAGAGATAGTAACTACTCCTGGTTTGCTTACTGG	CARDSNYSWFAYW	118S157N31=1X105=	256S6N11=	268S48=	F	T	IGH	39	1	1	119	255	1	318	257	267	7	17	269	316	1	48	212	0.9927	7.50E-57	21.8	1	0.035	93	1	3.32E-23	..............................................................................	...................................................	TCCTACAATCAGAAATTCAAG...GGCAAGGCCACACTGACTGTAGACAAATCCTCCAGCACAGCCTACATGCAGCTCAGCAGCCTGACATCTGAAGACTCTGCGGTCTATTTCTGT	TGGGGCCAAGGGACTCTGGTCACTGTCTCTGCAG	....................................	.......CAGGA......AATGGTGATACT	GCAAGAGATAGTAACTACTCCTGGTTTGCTTAC	AAACCTGGTCAGAATA-1	IGHG2C	230	1141_9	2	IGHV1-12		IGHJ3	TGTGCAAGAGATAGTAACTACTCCTGGTTTGCTTACTGG	CARDSNYSWFAYW	CAGGCTTATCTACAGCAGTCTGGGGCT...GAGCTGGTGAGGCCTGGGGCCTCAGTGAAGATGTCCTGCAAGGCTTCTGGCTACACATTT............ACCAGTTACAATATGCACTGGGTAAAGCAGACACCTAGACAGGGCCTGGAATGGATTGGAGCTATTTATCCAGGA......AATGGTGATACTTCCTACAATCAGAAGTTCAAG...GGCAAGGCCACACTGACTGTAGACAAATCCTCCAGCACAGCCTACATGCAGCTCAGCAGCCTGACATCTGAAGACTCTGCGGTCTATTTCTGTGCAAGANNNNNNNNNNNNNCCTGGTTTGCTTACTGGGGCCAAGGGACTCTGGTCACTGTCTCTGCAG	IGHV1-12*01	IGHD2-5*01	IGHJ3*01
CAAGGCCAGATAGGAG-1_contig_1	GACTGTTCTCTCTACAGTTACTAAGCACACAGGATCTCACCATGGGATGGAGCTGTATCATCCTCTTTTTGGTAGCAGCAGCTACAGGTGTCCACTCCCAGGTCCAACTGCAGCAGCCTGGGACTGAACTGGTGAAGCCTGGGGCTTCAGTGAAGCTGTCCTGCAAGGCTTCTGGCTACACCTTCACCAGCTACTGGATGCACTGGGTGAAGCAGAGGCCTGGACAAGGCCTTGAGTGGATTGGAAATATTAATCCTGGCAATGGTGGTACTAACTACAATGAGAAGTTCAAGAGCAAGGCCACACTGACTGTAGACAAATCCTCCAGCACAGCCTACATGCAGCTCAGCAGCCTGACATCTGAGGACTCTGCGGTCTATTATTGTGCAAGATCGGTACTCCACTGGTACTTCGATGTCTGGGGCACAGGGACCACGGTCACCGTCTCCTCAGCCAAAACAACAGCCCCATCGGTCTATCCACTGGCCCCTGTGTGTGGAGGTACAACTGGCTCCTCGGTGACTCTAGGATGCCTGGTCAAGGG	F	T	IGHV1-53*01	"IGHD1-1*01,IGHD2-14*01"	IGHJ1*03	CAGGTCCAACTGCAGCAGCCTGGGACT...GAACTGGTGAAGCCTGGGGCTTCAGTGAAGCTGTCCTGCAAGGCTTCTGGCTACACCTTC............ACCAGCTACTGGATGCACTGGGTGAAGCAGAGGCCTGGACAAGGCCTTGAGTGGATTGGAAATATTAATCCTGGC......AATGGTGGTACTAACTACAATGAGAAGTTCAAG...AGCAAGGCCACACTGACTGTAGACAAATCCTCCAGCACAGCCTACATGCAGCTCAGCAGCCTGACATCTGAGGACTCTGCGGTCTATTATTGTGCAAGATCGGTACTCCACTGGTACTTCGATGTCTGGGGCACAGGGACCACGGTCACCGTCTCCTCAG	CAGGTCCAACTGCAGCAGCCTGGGACT...GAACTGGTGAAGCCTGGGGCTTCAGTGAAGCTGTCCTGCAAGGCTTCTGGCTACACCTTC............ACCAGCTACTGGATGCACTGGGTGAAGCAGAGGCCTGGACAAGGCCTTGAGTGGATTGGAAATATTAATCCTAGC......AATGGTGGTACTAACTACAATGAGAAGTTCAAG...AGCAAGGCCACACTGACTGTAGACAAATCCTCCAGCACAGCCTACATGCAGCTCAGCAGCCTGACATCTGAGGACTCTGCGGTCTATTATTGTGCAAGANCGGTANNNNACTGGTACTTCGATGTCTGGGGCACAGGGACCACGGTCACCGTCTCCTCAG	TGTGCAAGATCGGTACTCCACTGGTACTTCGATGTCTGG	CARSVLHWYFDVW	98S159=1X134=	393S10N5=	402S2N51=	F	T	IGH	39	1	4	99	392	1	318	394	398	11	15	403	453	3	53	456	0.9966	2.33E-130	10.3	1	141	98.7	1	7.93E-25	CAGGTCCAACTGCAGCAGCCTGGGACT...GAACTGGTGAAGCCTGGGGCTTCAGTGAAGCTGTCCTGCAAGGCTTCT	ATGCACTGGGTGAAGCAGAGGCCTGGACAAGGCCTTGAGTGGATTGGAAAT	AACTACAATGAGAAGTTCAAG...AGCAAGGCCACACTGACTGTAGACAAATCCTCCAGCACAGCCTACATGCAGCTCAGCAGCCTGACATCTGAGGACTCTGCGGTCTATTATTGT	TGGGGCACAGGGACCACGGTCACCGTCTCCTCAG	GGCTACACCTTC............ACCAGCTACTGG	ATTAATCCTGGC......AATGGTGGTACT	GCAAGATCGGTACTCCACTGGTACTTCGATGTC	CAAGGCCAGATAGGAG-1	IGHG2C	282	1250_1024	1	IGHV1-53		IGHJ1	TGTGCAAGATCGGTACTCCACTGGTACTTCGATGTCTGG	CARSVLHWYFDVW	CAGGTCCAACTGCAGCAGCCTGGGACT...GAACTGGTGAAGCCTGGGGCTTCAGTGAAGCTGTCCTGCAAGGCTTCTGGCTACACCTTC............ACCAGCTACTGGATGCACTGGGTGAAGCAGAGGCCTGGACAAGGCCTTGAGTGGATTGGAAATATTAATCCTAGC......AATGGTGGTACTAACTACAATGAGAAGTTCAAG...AGCAAGGCCACACTGACTGTAGACAAATCCTCCAGCACAGCCTACATGCAGCTCAGCAGCCTGACATCTGAGGACTCTGCGGTCTATTATTGTGCAAGANNNNNNNNNNACTGGTACTTCGATGTCTGGGGCACAGGGACCACGGTCACCGTCTCCTCAG	IGHV1-53*01	IGHD1-1*01	IGHJ1*03
GGTATTGAGATGAGAG-1_contig_2	GGGGAAAACAACATATGTACAATGTCCTCACCACAGACACTGAACACACTGACTCTAACCATGGGATGGAGCTGGATCTTTCTCTTTCTCCTGTCAGGAACTGCAGGTGTCCGCTCTGAGGTCCAGCTCCAACAACCTGGACCTGAGCTGGTGAAGCCTGGGACTTCAGTGAAGATATCCTGTAAGGCTTCTGGATACTCATTCAGTGACTATTACATGAACTGGGTTAAGCAGAGCCATGGAAAGAGCCTTGAGTGGATTGGAGAGAGTAATCCTAGGAATGGTGGTCCCAACTACAATCAGAAATTCAAAGACAAGGCCACATTGACTGTAGACAAGTCCTCCAACACAGCCTTCCTGACCCTCCGTAGCCTGACATTTGAGGACTCTGCAGTCTACTTCTGTACAAGAGGTGGCCTCTATTATGGTTACGACGGGGGTTCCTATGCTATGGACTACTGGGGTCAAGGAACCTCAGTCACCGTCTCCTCAGCCAAAACAACAGCCCCATCGGTCTATCCACTGGCCCCTGTGTGTGGAGGTACAACTGGCTCCTCGGTGACTCTAGGATGCCTGGTCAAGGG	F	T	IGHV1-26*01	"IGHD2-2*01,IGHD2-7*01"	IGHJ4*01	GAGGTCCAGCTCCAACAACCTGGACCT...GAGCTGGTGAAGCCTGGGACTTCAGTGAAGATATCCTGTAAGGCTTCTGGATACTCATTC............AGTGACTATTACATGAACTGGGTTAAGCAGAGCCATGGAAAGAGCCTTGAGTGGATTGGAGAGAGTAATCCTAGG......AATGGTGGTCCCAACTACAATCAGAAATTCAAA...GACAAGGCCACATTGACTGTAGACAAGTCCTCCAACACAGCCTTCCTGACCCTCCGTAGCCTGACATTTGAGGACTCTGCAGTCTACTTCTGTACAAGAGGTGGCCTCTATTATGGTTACGACGGGGGTTCCTATGCTATGGACTACTGGGGTCAAGGAACCTCAGTCACCGTCTCCTCAG	GAGGTCCAGCTGCAACAATCTGGACCT...GAGCTGGTGAAGCCTGGGGCTTCAGTGAAGATATCCTGTAAGGCTTCTGGATACACGTTC............ACTGACTACTACATGAACTGGGTGAAGCAGAGCCATGGAAAGAGCCTTGAGTGGATTGGAGATATTAATCCTAAC......AATGGTGGTACTAGCTACAACCAGAAGTTCAAG...GGCAAGGCCACATTGACTGTAGACAAGTCCTCCAGCACAGCCTACATGGAGCTCCGCAGCCTGACATCTGAGGACTCTGCAGTCTATTACTGTGCAAGANNNNNNNTCTACTATGGTTACGACNNNNNNNNCTATGCTATGGACTACTGGGGTCAAGGAACCTCAGTCACCGTCTCCTCAG	TGTACAAGAGGTGGCCTCTATTATGGTTACGACGGGGGTTCCTATGCTATGGACTACTGG	CTRGGLYYGYDGGSYAMDYW	117S11=1X6=1X26=1X35=1X1=1X4=1X6=1X14=1X38=1X1=1X8=2X9=1X1=1X1=1X6=1X5=1X5=1X1=1X32=1X8=1X1=1X2=3X5=1X10=1X18=1X1=1X4=1X5=	418S4=1X12=	443S4N50=	F	T	IGH	60	7	8	118	411	1	318	419	435	1	17	444	493	5	54	366	0.89796	4.02E-103	27.6	0.94118	0.001	96.8	1	3.23E-24	GAGGTCCAGCTCCAACAACCTGGACCT...GAGCTGGTGAAGCCTGGGACTTCAGTGAAGATATCCTGTAAGGCTTCT	ATGAACTGGGTTAAGCAGAGCCATGGAAAGAGCCTTGAGTGGATTGGAGAG	AACTACAATCAGAAATTCAAA...GACAAGGCCACATTGACTGTAGACAAGTCCTCCAACACAGCCTTCCTGACCCTCCGTAGCCTGACATTTGAGGACTCTGCAGTCTACTTCTGT	TGGGGTCAAGGAACCTCAGTCACCGTCTCCTCAG	GGATACTCATTC............AGTGACTATTAC	AGTAATCCTAGG......AATGGTGGTCCC	ACAAGAGGTGGCCTCTATTATGGTTACGACGGGGGTTCCTATGCTATGGACTAC	GGTATTGAGATGAGAG-1	IGHG2C	1324	2007_3179	9	IGHV1-26	IGHD2-7	IGHJ4	TGTACAAGAGGTGGCCTCTATTATGGTTACGACGGGGGTTCCTATGCTATGGACTACTGG	CTRGGLYYGYDGGSYAMDYW	GAGGTCCAGCTGCAACAATCTGGACCT...GAGCTGGTGAAGCCTGGGGCTTCAGTGAAGATATCCTGTAAGGCTTCTGGATACACGTTC............ACTGACTACTACATGAACTGGGTGAAGCAGAGCCATGGAAAGAGCCTTGAGTGGATTGGAGATATTAATCCTAAC......AATGGTGGTACTAGCTACAACCAGAAGTTCAAG...GGCAAGGCCACATTGACTGTAGACAAGTCCTCCAGCACAGCCTACATGGAGCTCCGCAGCCTGACATCTGAGGACTCTGCAGTCTATTACTGTGCAAGANNNNNNNNNNNNNNNNNNNNNNNNNNNNNNNNCTATGCTATGGACTACTGGGGTCAAGGAACCTCAGTCACCGTCTCCTCAG	IGHV1-26*01	IGHD2-2*01	IGHJ4*01
GCTCTGTGTAACGACG-1_contig_2	GCCTGCAGCTCTGACAGAGGAGCACAGCCCAGGATTCCCAGGTCCTCCCATTCAGTGACCCGCACTCAGTACAGACCACTCATCATGGACTTCAGGCTCAGCTTACTTATTTTTGTCCTTATTTTAAAAGGTGTCCAGTGTGAGGTGAAGCTGGTGGAGTCTGGGGGAGGCTTAGTGCAGCCTGGAGGGTCCCTGAAACTCTCCTGTGCAGCCTCTGGATTCACTTTCAGTGACTACGGAATGGCGTGGGTTCGACAGGCTCCAAGGAAGGGGCCTGAGTGGGTAGCATTCATTAGTAATTTGGCATATAGTATCTACTATGCAGACACTGTGACGGGCCGATTCACCATCTCTAGAGAGAATGCCAAGAACACCCTGTACCTGGAAATGAGCAGTCTGAGGTCTGAGGACACGGCCATGTATTACTGTGCAAGACAAGGGGGATATAGTAACTACGGATGGTACTTCGATGTCTGGGGCACAGGGACCACGGTCACCGTCTCCTCAGCCAAAACAACAGCCCCATCGGTCTATCCACTGGCCCCTGTGTGTGGAGGTACAACTGGCTCCTCGGTGACTCTAGGATGCCTGGTCAAGGG	F	T	IGHV5-15*01	"IGHD2-5*01,IGHD2-6*01"	IGHJ1*03	GAGGTGAAGCTGGTGGAGTCTGGGGGA...GGCTTAGTGCAGCCTGGAGGGTCCCTGAAACTCTCCTGTGCAGCCTCTGGATTCACTTTC............AGTGACTACGGAATGGCGTGGGTTCGACAGGCTCCAAGGAAGGGGCCTGAGTGGGTAGCATTCATTAGTAATTTG......GCATATAGTATCTACTATGCAGACACTGTGACG...GGCCGATTCACCATCTCTAGAGAGAATGCCAAGAACACCCTGTACCTGGAAATGAGCAGTCTGAGGTCTGAGGACACGGCCATGTATTACTGTGCAAGACAAGGGGGATATAGTAACTACGGATGGTACTTCGATGTCTGGGGCACAGGGACCACGGTCACCGTCTCCTCAG	GAGGTGAAGCTGGTGGAGTCTGGGGGA...GGCTTAGTGCAGCCTGGAGGGTCCCTGAAACTCTCCTGTGCAGCCTCTGGATTCACTTTC............AGTGACTACGGAATGGCGTGGGTTCGACAGGCTCCAAGGAAGGGGCCTGAGTGGGTAGCATTCATTAGTAATTTG......GCATATAGTATCTACTATGCAGACACTGTGACG...GGCCGATTCACCATCTCTAGAGAGAATGCCAAGAACACCCTGTACCTGGAAATGAGCAGTCTGAGGTCTGAGGACACGGCCATGTATTACTGTGCAAGACANNNNNNNTATAGTAACTACNNNTGGTACTTCGATGTCTGGGGCACAGGGACCACGGTCACCGTCTCCTCAG	TGTGCAAGACAAGGGGGATATAGTAACTACGGATGGTACTTCGATGTCTGG	CARQGGYSNYGWYFDVW	141S296=	444S5N12=	459S4N49=	F	T	IGH	51	7	3	142	437	1	320	445	456	6	17	460	508	5	53	463	1	3.43E-132	23.8	1	0.014	94.9	1	1.26E-23	GAGGTGAAGCTGGTGGAGTCTGGGGGA...GGCTTAGTGCAGCCTGGAGGGTCCCTGAAACTCTCCTGTGCAGCCTCT	ATGGCGTGGGTTCGACAGGCTCCAAGGAAGGGGCCTGAGTGGGTAGCATTC	TACTATGCAGACACTGTGACG...GGCCGATTCACCATCTCTAGAGAGAATGCCAAGAACACCCTGTACCTGGAAATGAGCAGTCTGAGGTCTGAGGACACGGCCATGTATTACTGT	TGGGGCACAGGGACCACGGTCACCGTCTCCTCAG	GGATTCACTTTC............AGTGACTACGGA	ATTAGTAATTTG......GCATATAGTATC	GCAAGACAAGGGGGATATAGTAACTACGGATGGTACTTCGATGTC	GCTCTGTGTAACGACG-1	IGHG2C	288	2620_2885	1	IGHV5-15		IGHJ1	TGTGCAAGACAAGGGGGATATAGTAACTACGGATGGTACTTCGATGTCTGG	CARQGGYSNYGWYFDVW	GAGGTGAAGCTGGTGGAGTCTGGGGGA...GGCTTAGTGCAGCCTGGAGGGTCCCTGAAACTCTCCTGTGCAGCCTCTGGATTCACTTTC............AGTGACTACGGAATGGCGTGGGTTCGACAGGCTCCAAGGAAGGGGCCTGAGTGGGTAGCATTCATTAGTAATTTG......GCATATAGTATCTACTATGCAGACACTGTGACG...GGCCGATTCACCATCTCTAGAGAGAATGCCAAGAACACCCTGTACCTGGAAATGAGCAGTCTGAGGTCTGAGGACACGGCCATGTATTACTGTGCAAGACANNNNNNNNNNNNNNNNNNNNNNTGGTACTTCGATGTCTGGGGCACAGGGACCACGGTCACCGTCTCCTCAG	IGHV5-15*01	IGHD2-5*01	IGHJ1*03
CATATGGAGGTGCACA-1_contig_2	GGGAGATCACTGTTCTCTCTACAGTTACTGAGCACACAGGACCTCACCATGAGATGGAGCTGTATCATCCTCTTCTTGGTAGCAACAGCTACAGGTGTCCACTCCCAGGTCCAACTGCAGCAGCCTGGGTCTGATCTGGTGAAGCCTGGGGCTTCAGTGAAGGTGTCCTGCAAGGCTTCTGGCTACACCTTCACTAGTCTCTGGATACACTGGGTGAAACAGAGGCCTGGCCACGGCCTTGAGTGGATTGGAAGGATTCATCCTTCTGATAGTGATACTAACTACGATCAAAAATTCAAGGACAAGGTCACATTGACTGTAGACAAATCCTCCAGCACAGCCTACATGCAGCTCAGCAGCCTGACATCTGAGGACTCTGCGGTCTATTTCTGTGCAATTCTGCTCTATGATAATTACTACCGCCTTGACTACTGGGGCCAAGGCACCACTCTCACAGTCTCCTCAGCCAAAACAACAGCCCCATCGGTCTATCCACTGGCCCCTGTGTGTGGAGGTACAACTGGCTCCTCGGTGACTCTAGGATGCCTGGTCAAGGG	F	T	IGHV1-74*01	IGHD2-3*01	IGHJ2*01	CAGGTCCAACTGCAGCAGCCTGGGTCT...GATCTGGTGAAGCCTGGGGCTTCAGTGAAGGTGTCCTGCAAGGCTTCTGGCTACACCTTC............ACTAGTCTCTGGATACACTGGGTGAAACAGAGGCCTGGCCACGGCCTTGAGTGGATTGGAAGGATTCATCCTTCT......GATAGTGATACTAACTACGATCAAAAATTCAAG...GACAAGGTCACATTGACTGTAGACAAATCCTCCAGCACAGCCTACATGCAGCTCAGCAGCCTGACATCTGAGGACTCTGCGGTCTATTTCTGTGCAATTCTGCTCTATGATAATTACTACCGCCTTGACTACTGGGGCCAAGGCACCACTCTCACAGTCTCCTCAG	CAGGTCCAACTGCAGCAGCCTGGGGCT...GAACTGGTGAAGCCTGGGGCTTCAGTGAAGGTGTCCTGCAAGGCTTCTGGCTACACCTTC............ACCAGCTACTGGATGCACTGGGTGAAGCAGAGGCCTGGCCAAGGCCTTGAGTGGATTGGAAGGATTCATCCTTCT......GATAGTGATACTAACTACAATCAAAAGTTCAAG...GGCAAGGCCACATTGACTGTAGACAAATCCTCCAGCACAGCCTACATGCAGCTCAGCAGCCTGACATCTGAGGACTCTGCGGTCTATTACTGTGCAATNNNNNTCTATGATGGTTACTACNNNNTTGACTACTGGGGCCAAGGCACCACTCTCACAGTCTCCTCAG	TGTGCAATTCTGCTCTATGATAATTACTACCGCCTTGACTACTGG	CAILLYDNYYRLDYW	105S24=1X4=1X59=1X2=3X6=1X11=1X14=1X51=1X7=1X7=1X5=1X80=1X9=	403S8=2X7=	424S6N42=	F	T	IGH	45	5	4	106	398	1	317	404	420	1	17	425	466	7	48	414	0.95222	1.10E-117	21.8	0.88235	0.049	81.4	1	1.31E-19	CAGGTCCAACTGCAGCAGCCTGGGTCT...GATCTGGTGAAGCCTGGGGCTTCAGTGAAGGTGTCCTGCAAGGCTTCT	ATACACTGGGTGAAACAGAGGCCTGGCCACGGCCTTGAGTGGATTGGAAGG	AACTACGATCAAAAATTCAAG...GACAAGGTCACATTGACTGTAGACAAATCCTCCAGCACAGCCTACATGCAGCTCAGCAGCCTGACATCTGAGGACTCTGCGGTCTATTTCTGT	TGGGGCCAAGGCACCACTCTCACAGTCTCCTCAG	GGCTACACCTTC............ACTAGTCTCTGG	ATTCATCCTTCT......GATAGTGATACT	GCAATTCTGCTCTATGATAATTACTACCGCCTTGACTAC	CATATGGAGGTGCACA-1	IGHG2C	1070	2955_1308	6	IGHV1-74	IGHD2-3	IGHJ2	TGTGCAATTCTGCTCTATGATAATTACTACCGCCTTGACTACTGG	CAILLYDNYYRLDYW	CAGGTCCAACTGCAGCAGCCTGGGGCT...GAACTGGTGAAGCCTGGGGCTTCAGTGAAGGTGTCCTGCAAGGCTTCTGGCTACACCTTC............ACCAGCTACTGGATGCACTGGGTGAAGCAGAGGCCTGGCCAAGGCCTTGAGTGGATTGGAAGGATTCATCCTTCT......GATAGTGATACTAACTACAATCAAAAGTTCAAG...GGCAAGGCCACATTGACTGTAGACAAATCCTCCAGCACAGCCTACATGCAGCTCAGCAGCCTGACATCTGAGGACTCTGCGGTCTATTACTGTGCAATNNNNNNNNNNNNNNNNNNNNNNNNNNTTGACTACTGGGGCCAAGGCACCACTCTCACAGTCTCCTCAG	IGHV1-74*01	IGHD2-3*01	IGHJ2*01
TTAGTTCGTACCGAGA-1_contig_1	GATCAGTATCCTCTTCACAGTCACTGAAAACATTGACTCTAATCATGGAATGTAACTGGATACTTCCTTTTATTCTGTCGGTAACTTCAGGAGTCTACTCAGAGGTTCAGTTCCAGCAGTCTGGGACTGTGCTGGCAAGGCCTGGGGCTTCAGTGAAGATGTCCTGCAAGACTTCTGGCTACACATTTACCAGCTACTGGATGCACTGGGTAAAACAGAGGCCTGGACAGGGTCTGGAATGGATAGGGGCTATTTATCCTGGAAATAGTGATACTAGTTACAATCAGAAGTTCAAGAGCAAGGCCAAACTGACTGCAGTCACATCCGCCACCACTGCCTACATGGAGCTCCGCAGCCTGACAAATGAGGACTCTGCGGTCTATTACTGTACAAGAGGGGACTATGATTACGACGCCCTCTTTGACTACTGGGGCCAAGGCACCACTCTCACAGTCTCCTCAGCCAAAACAACAGCCCCATCGGTCTATCCACTGGCCCCTGTGTGTGGAGGTACAACTGGCTCCTCGGTGACTCTAGGATGCCTGGTCAAGGG	F	T	IGHV1-5*01	"IGHD2-4*01,IGHD2-9*02"	IGHJ2*01	GAGGTTCAGTTCCAGCAGTCTGGGACT...GTGCTGGCAAGGCCTGGGGCTTCAGTGAAGATGTCCTGCAAGACTTCTGGCTACACATTT............ACCAGCTACTGGATGCACTGGGTAAAACAGAGGCCTGGACAGGGTCTGGAATGGATAGGGGCTATTTATCCTGGA......AATAGTGATACTAGTTACAATCAGAAGTTCAAG...AGCAAGGCCAAACTGACTGCAGTCACATCCGCCACCACTGCCTACATGGAGCTCCGCAGCCTGACAAATGAGGACTCTGCGGTCTATTACTGTACAAGAGGGGACTATGATTACGACGCCCTCTTTGACTACTGGGGCCAAGGCACCACTCTCACAGTCTCCTCAG	GAGGTTCAGCTCCAGCAGTCTGGGACT...GTGCTGGCAAGGCCTGGGGCTTCAGTGAAGATGTCCTGCAAGACTTCTGGCTACACATTT............ACCAGCTACTGGATGCACTGGGTAAAACAGAGGCCTGGACAGGGTCTGGAATGGATAGGGGCTATTTATCCTGGA......AATAGTGATACTAGCTACAACCAGAAGTTCAAG...GGCAAGGCCAAACTGACTGCAGTCACATCCGCCAGCACTGCCTACATGGAGCTCAGCAGCCTGACAAATGAGGACTCTGCGGTCTATTACTGTACAAGANNNNACTATGATTACGACNNNNNCTTTGACTACTGGGGCCAAGGCACCACTCTCACAGTCTCCTCAG	TGTACAAGAGGGGACTATGATTACGACGCCCTCTTTGACTACTGG	CTRGDYDYDALFDYW	101S9=1X166=1X5=1X12=1X33=1X19=1X44=	399S3N14=	418S4N44=	F	T	IGH	45	4	5	102	395	1	318	400	413	4	17	419	462	5	48	441	0.97959	1.16E-125	27.6	1	0.000888	85.3	1	9.08E-21	GAGGTTCAGTTCCAGCAGTCTGGGACT...GTGCTGGCAAGGCCTGGGGCTTCAGTGAAGATGTCCTGCAAGACTTCT	ATGCACTGGGTAAAACAGAGGCCTGGACAGGGTCTGGAATGGATAGGGGCT	AGTTACAATCAGAAGTTCAAG...AGCAAGGCCAAACTGACTGCAGTCACATCCGCCACCACTGCCTACATGGAGCTCCGCAGCCTGACAAATGAGGACTCTGCGGTCTATTACTGT	TGGGGCCAAGGCACCACTCTCACAGTCTCCTCAG	GGCTACACATTT............ACCAGCTACTGG	ATTTATCCTGGA......AATAGTGATACT	ACAAGAGGGGACTATGATTACGACGCCCTCTTTGACTAC	TTAGTTCGTACCGAGA-1	IGHG2C	1796	2982_4293	12	IGHV1-5	IGHD2-4	IGHJ2	TGTACAAGAGGGGACTATGATTACGACGCCCTCTTTGACTACTGG	CTRGDYDYDALFDYW	GAGGTTCAGCTCCAGCAGTCTGGGACT...GTGCTGGCAAGGCCTGGGGCTTCAGTGAAGATGTCCTGCAAGACTTCTGGCTACACATTT............ACCAGCTACTGGATGCACTGGGTAAAACAGAGGCCTGGACAGGGTCTGGAATGGATAGGGGCTATTTATCCTGGA......AATAGTGATACTAGCTACAACCAGAAGTTCAAG...GGCAAGGCCAAACTGACTGCAGTCACATCCGCCAGCACTGCCTACATGGAGCTCAGCAGCCTGACAAATGAGGACTCTGCGGTCTATTACTGTACAAGANNNNNNNNNNNNNNNNNNNNNNNCTTTGACTACTGGGGCCAAGGCACCACTCTCACAGTCTCCTCAG	IGHV1-5*01	IGHD2-4*01	IGHJ2*01
GTTACAGTCGGAATCT-1_contig_2	ATCAGGACTGAACACAGACCAGTCACCATGTACTTCAGGCTCAGCTCAGTTTTTCTTGTTCTTATTTTAAAAGGAGTCCAGTGTGAAGTGAAGCTGGTGGAGTCTGAGGGAGGCTTAGTGCAGCCTGGAAGTTCCATGAAACTCTCCTGCACAGCCTCTGGATTCACTTTCAGTGACTATTACATGGCTTGGGTCCGCCAGGTTCCAGAAAAGGGTCTAGAATGGGTTGCAAACATTAATTATGATGGTAGTAGCACCTACTATCTGGACTCCTTGAAGAGCCGTTTCATCATCTCGAGAGACAATGCAAAGAACATTCTATACCTGCAAATGAGCAGTCTGAAGTCTGAGGACACAGCCACGTATTACTGTGCAAAAGAGGGGGGGAGTAACTACTACTTTGACTACTGGGGCCAAGGCACCACTCTCACAGTCTCCTCAGCCAAAACAACAGCCCCATCGGTCTATCCACTGGCCCCTGTGTGTGGAGGTACAACTGGCTCCTCGGTGACTCTAGGATGCCTGGTCAAGGG	F	T	IGHV5-16*01	"IGHD2-5*01,IGHD2-6*01"	IGHJ2*01	GAAGTGAAGCTGGTGGAGTCTGAGGGA...GGCTTAGTGCAGCCTGGAAGTTCCATGAAACTCTCCTGCACAGCCTCTGGATTCACTTTC............AGTGACTATTACATGGCTTGGGTCCGCCAGGTTCCAGAAAAGGGTCTAGAATGGGTTGCAAACATTAATTATGAT......GGTAGTAGCACCTACTATCTGGACTCCTTGAAG...AGCCGTTTCATCATCTCGAGAGACAATGCAAAGAACATTCTATACCTGCAAATGAGCAGTCTGAAGTCTGAGGACACAGCCACGTATTACTGTGCAAAAGAGGGGGGGAGTAACTACTACTTTGACTACTGGGGCCAAGGCACCACTCTCACAGTCTCCTCAG	GAAGTGAAGCTGGTGGAGTCTGAGGGA...GGCTTAGTGCAGCCTGGAAGTTCCATGAAACTCTCCTGCACAGCCTCTGGATTCACTTTC............AGTGACTATTACATGGCTTGGGTCCGCCAGGTTCCAGAAAAGGGTCTAGAATGGGTTGCAAACATTAATTATGAT......GGTAGTAGCACCTACTATCTGGACTCCTTGAAG...AGCCGTTTCATCATCTCGAGAGACAATGCAAAGAACATTCTATACCTGCAAATGAGCAGTCTGAAGTCTGAGGACACAGCCACGTATTACTGTGCAAGAGANNNNNNNAGTAACTACTACTTTGACTACTGGGGCCAAGGCACCACTCTCACAGTCTCCTCAG	TGTGCAAAAGAGGGGGGGAGTAACTACTACTTTGACTACTGG	CAKEGGSNYYFDYW	84S292=1X3=	387S8N7=	394S48=	F	T	IGH	42	7	0	85	380	1	320	388	394	9	15	395	442	1	48	459	0.99662	2.63E-131	14.1	1	9.6	93	1	4.23E-23	GAAGTGAAGCTGGTGGAGTCTGAGGGA...GGCTTAGTGCAGCCTGGAAGTTCCATGAAACTCTCCTGCACAGCCTCT	ATGGCTTGGGTCCGCCAGGTTCCAGAAAAGGGTCTAGAATGGGTTGCAAAC	TACTATCTGGACTCCTTGAAG...AGCCGTTTCATCATCTCGAGAGACAATGCAAAGAACATTCTATACCTGCAAATGAGCAGTCTGAAGTCTGAGGACACAGCCACGTATTACTGT	TGGGGCCAAGGCACCACTCTCACAGTCTCCTCAG	GGATTCACTTTC............AGTGACTATTAC	ATTAATTATGAT......GGTAGTAGCACC	GCAAAAGAGGGGGGGAGTAACTACTACTTTGACTAC	GTTACAGTCGGAATCT-1	IGHG2C	554	29_3464	3	IGHV5-16		IGHJ2	TGTGCAAAAGAGGGGGGGAGTAACTACTACTTTGACTACTGG	CAKEGGSNYYFDYW	GAAGTGAAGCTGGTGGAGTCTGAGGGA...GGCTTAGTGCAGCCTGGAAGTTCCATGAAACTCTCCTGCACAGCCTCTGGATTCACTTTC............AGTGACTATTACATGGCTTGGGTCCGCCAGGTTCCAGAAAAGGGTCTAGAATGGGTTGCAAACATTAATTATGAT......GGTAGTAGCACCTACTATCTGGACTCCTTGAAG...AGCCGTTTCATCATCTCGAGAGACAATGCAAAGAACATTCTATACCTGCAAATGAGCAGTCTGAAGTCTGAGGACACAGCCACGTATTACTGTGCAAGAGANNNNNNNNNNNNNNACTACTTTGACTACTGGGGCCAAGGCACCACTCTCACAGTCTCCTCAG	IGHV5-16*01	IGHD2-5*01	IGHJ2*01
CTGTTTAAGTCAAGGC-1_contig_1	GGGGAACCTATGATCAATGTCTTCTTCACAGTCCCTGAACACACTGACTCTAACCATGGAATGGATCTGGATCTTTCTCTTCATCCTGTCAGGAACTGCAGGTGTCCAATCCCAGGGTCAGTTGCAGCAGTCTGGAGCTGAGCTGGCGAGGCCTGGGGCTTCAGTGAAGCTGTCCTGCAAGGCTTCTGACTACACCTTCAGAAGCTATGGTATAAGTTGGGTGAAGCAGACAACTGGACAGGGCCTTGAGTGGATTGGAGAAATTTATCCTAGAAGTGGTTATACCCACTACAATGAGAAGTTCAAGGGCAAGGCCACACTGACTGCAGACAAAACCTCCAGCACAGCGTACATGGAGGTCCGCAGCCTGACATCTGAGGACTCTGCGGTCTATTTCTGTGCAAGAGGGGAATATGATTACGACGGAAAGTTTGGCTACTGGGGCCAAGGCACTACTCTCACAGTCTCCTCAGCCAAAACAACAGCCCCATCGGTCTATCCACTGGCCCCTGTGTGTGGAGGTACAACTGGCTCCTCGGTGACTCTAGGATGCCTGGTCAAGGG	F	T	IGHV1-81*01	"IGHD2-4*01,IGHD2-9*02"	IGHJ2*01	CAGGGTCAGTTGCAGCAGTCTGGAGCT...GAGCTGGCGAGGCCTGGGGCTTCAGTGAAGCTGTCCTGCAAGGCTTCTGACTACACCTTC............AGAAGCTATGGTATAAGTTGGGTGAAGCAGACAACTGGACAGGGCCTTGAGTGGATTGGAGAAATTTATCCTAGA......AGTGGTTATACCCACTACAATGAGAAGTTCAAG...GGCAAGGCCACACTGACTGCAGACAAAACCTCCAGCACAGCGTACATGGAGGTCCGCAGCCTGACATCTGAGGACTCTGCGGTCTATTTCTGTGCAAGAGGGGAATATGATTACGACGGAAAGTTTGGCTACTGGGGCCAAGGCACTACTCTCACAGTCTCCTCAG	CAGGTTCAGCTGCAGCAGTCTGGAGCT...GAGCTGGCGAGGCCTGGGGCTTCAGTGAAGCTGTCCTGCAAGGCTTCTGGCTACACCTTC............ACAAGCTATGGTATAAGCTGGGTGAAGCAGAGAACTGGACAGGGCCTTGAGTGGATTGGAGAGATTTATCCTAGA......AGTGGTAATACTTACTACAATGAGAAGTTCAAG...GGCAAGGCCACACTGACTGCAGACAAATCCTCCAGCACAGCGTACATGGAGCTCCGCAGCCTGACATCTGAGGACTCTGCGGTCTATTTCTGTGCAAGANNNNNNTATGATTACGACNNNNNNTTTGACTACTGGGGCCAAGGCACCACTCTCACAGTCTCCTCAG	TGTGCAAGAGGGGAATATGATTACGACGGAAAGTTTGGCTACTGG	CARGEYDYDGKFGYW	112S4=1X4=1X66=1X11=1X15=1X13=1X30=1X18=1X4=2X47=1X23=1X47=	412S5N12=	430S5N4=1X18=1X19=	F	T	IGH	45	6	6	113	406	1	318	413	424	6	17	431	473	6	48	422	0.95918	5.05E-120	23.8	1	0.013	71.8	0.95349	1.04E-16	CAGGGTCAGTTGCAGCAGTCTGGAGCT...GAGCTGGCGAGGCCTGGGGCTTCAGTGAAGCTGTCCTGCAAGGCTTCT	ATAAGTTGGGTGAAGCAGACAACTGGACAGGGCCTTGAGTGGATTGGAGAA	CACTACAATGAGAAGTTCAAG...GGCAAGGCCACACTGACTGCAGACAAAACCTCCAGCACAGCGTACATGGAGGTCCGCAGCCTGACATCTGAGGACTCTGCGGTCTATTTCTGT	TGGGGCCAAGGCACTACTCTCACAGTCTCCTCAG	GACTACACCTTC............AGAAGCTATGGT	ATTTATCCTAGA......AGTGGTTATACC	GCAAGAGGGGAATATGATTACGACGGAAAGTTTGGCTAC	CTGTTTAAGTCAAGGC-1	IGHG2C	3438	3103_2312	22	IGHV1-81		IGHJ2	TGTGCAAGAGGGGAATATGATTACGACGGAAAGTTTGGCTACTGG	CARGEYDYDGKFGYW	CAGGTTCAGCTGCAGCAGTCTGGAGCT...GAGCTGGCGAGGCCTGGGGCTTCAGTGAAGCTGTCCTGCAAGGCTTCTGGCTACACCTTC............ACAAGCTATGGTATAAGCTGGGTGAAGCAGAGAACTGGACAGGGCCTTGAGTGGATTGGAGAGATTTATCCTAGA......AGTGGTAATACTTACTACAATGAGAAGTTCAAG...GGCAAGGCCACACTGACTGCAGACAAATCCTCCAGCACAGCGTACATGGAGCTCCGCAGCCTGACATCTGAGGACTCTGCGGTCTATTTCTGTGCAAGANNNNNNNNNNNNNNNNNNNNNNNNTTTGACTACTGGGGCCAAGGCACCACTCTCACAGTCTCCTCAG	IGHV1-81*01	IGHD2-4*01	IGHJ2*01
TTGCCGTCAACTGCGC-1_contig_2	GAACATTTGTCCAATGTCCTCTCCACAGGCACTGAACACACTGACTCTAACCATGGGTTGGAGCTGGATCTTCCTCCTCTTCCTGTCAGGAACTGCAGGTGTCCTCTCTGAGGTCCAGCTGCAACAGTCTGGACCTGAGCTGGTGAAGCCTGGGGCTTCAGTGAAGATACCCTGCAAGGCTTCTGGATACACATTCACTGACTACAACATGGACTGGGTGAAGCAGAGCCATGGAAAGAGCCTTGAGTGGATTGGAGATATTAATCCTAACAATGGTATTACTATCTACAACCAGAAATTCAAGGGCAAGGCCACATTGACTGTAGACAAGTCCTCCAGCACAGCCTACATGGAGCTCCGCAGCCTGACATCTGAGGCCACTGCAGTCTATTATTGTGCAAGAGGGGGGTATGATGGTTACCCTTACTATGCTATGGACTACTGGGGTCAAGGAACCTCAGTCACCGTCTCCTCAGCTACAACAACAGCCCCATCTGTCTATCCCTTGGTCCCTGGCTGCGGTGACACATCTGGATCCTCGGTGACACTGGGATGCC	F	T	IGHV1-18*01	IGHD2-3*01	IGHJ4*01	GAGGTCCAGCTGCAACAGTCTGGACCT...GAGCTGGTGAAGCCTGGGGCTTCAGTGAAGATACCCTGCAAGGCTTCTGGATACACATTC............ACTGACTACAACATGGACTGGGTGAAGCAGAGCCATGGAAAGAGCCTTGAGTGGATTGGAGATATTAATCCTAAC......AATGGTATTACTATCTACAACCAGAAATTCAAG...GGCAAGGCCACATTGACTGTAGACAAGTCCTCCAGCACAGCCTACATGGAGCTCCGCAGCCTGACATCTGAGGCCACTGCAGTCTATTATTGTGCAAGAGGGGGGTATGATGGTTACCCTTACTATGCTATGGACTACTGGGGTCAAGGAACCTCAGTCACCGTCTCCTCAG	GAGGTCCAGCTGCAACAGTCTGGACCT...GAGCTGGTGAAGCCTGGGGCTTCAGTGAAGATACCCTGCAAGGCTTCTGGATACACATTC............ACTGACTACAACATGGACTGGGTGAAGCAGAGCCATGGAAAGAGCCTTGAGTGGATTGGAGATATTAATCCTAAC......AATGGTGGTACTATCTACAACCAGAAGTTCAAG...GGCAAGGCCACATTGACTGTAGACAAGTCCTCCAGCACAGCCTACATGGAGCTCCGCAGCCTGACATCTGAGGACACTGCAGTCTATTACTGTGCAAGANNNNNNTATGATGGTTACNNTTACTATGCTATGGACTACTGGGGTCAAGGAACCTCAGTCACCGTCTCCTCAG	TGTGCAAGAGGGGGGTATGATGGTTACCCTTACTATGCTATGGACTACTGG	CARGGYDGYPYYAMDYW	109S168=2X18=1X79=1X15=1X9=	409S2N12=	423S1N53=	F	T	IGH	51	6	2	110	403	1	318	410	421	3	14	424	476	2	54	444	0.98299	1.35E-126	23.8	1	0.013	102	1	5.65E-26	GAGGTCCAGCTGCAACAGTCTGGACCT...GAGCTGGTGAAGCCTGGGGCTTCAGTGAAGATACCCTGCAAGGCTTCT	ATGGACTGGGTGAAGCAGAGCCATGGAAAGAGCCTTGAGTGGATTGGAGAT	ATCTACAACCAGAAATTCAAG...GGCAAGGCCACATTGACTGTAGACAAGTCCTCCAGCACAGCCTACATGGAGCTCCGCAGCCTGACATCTGAGGCCACTGCAGTCTATTATTGT	TGGGGTCAAGGAACCTCAGTCACCGTCTCCTCAG	GGATACACATTC............ACTGACTACAAC	ATTAATCCTAAC......AATGGTATTACT	GCAAGAGGGGGGTATGATGGTTACCCTTACTATGCTATGGACTAC	TTGCCGTCAACTGCGC-1	IGHG3	130	2672_4378	1	IGHV1-18		IGHJ4	TGTGCAAGAGGGGGGTATGATGGTTACCCTTACTATGCTATGGACTACTGG	CARGGYDGYPYYAMDYW	GAGGTCCAGCTGCAACAGTCTGGACCT...GAGCTGGTGAAGCCTGGGGCTTCAGTGAAGATACCCTGCAAGGCTTCTGGATACACATTC............ACTGACTACAACATGGACTGGGTGAAGCAGAGCCATGGAAAGAGCCTTGAGTGGATTGGAGATATTAATCCTAAC......AATGGTGGTACTATCTACAACCAGAAGTTCAAG...GGCAAGGCCACATTGACTGTAGACAAGTCCTCCAGCACAGCCTACATGGAGCTCCGCAGCCTGACATCTGAGGACACTGCAGTCTATTACTGTGCAAGANNNNNNNNNNNNNNNNNNNNTTACTATGCTATGGACTACTGGGGTCAAGGAACCTCAGTCACCGTCTCCTCAG	IGHV1-18*01	IGHD2-3*01	IGHJ4*01
ACACCCTGTTTCCACC-1_contig_2	TGGGACACAGGATCTCACCATGGGATGGAGCTGTATCATCCTCTTTTTGGTAGCAACAGCTACAGGTGTCCACTCCCAGGTCCAACTGCAGCAGTCTGGGGCTGAGCTGGTGAGGCCTGGGTCTTCAGTGAAGCTGTCCTGCAAGGCTTCTGGCTACACCTTCACCAGCTACTGGATGGATTGGGTGAAGCAGAGGCCTGGACAAGCGCTTGAATGGATTGGTAACATTTACCCTTCTGATAGTGAAACTCACTACAATCAAATGTTCAGGGACAAGGCCACATTGACTGTAGACAGATCCTCCAGCACAGCCTACATGCAGCTCAGCAGCCTGACATCTGATGACTCTGCGGTCTATTACTGTGCAAGAGGACCCCACTATAGTAACTACGATGCTCTGGACTACTGGGGTCAAGGAACCTCAGTCACCGTCTCCTCAGCTACAACAACAGCCCCATCTGTCTATCCCTTGGTCCCTGGCTGCGGTGACACATCTGGATCCTCGGTGACACTGGGATGCC	F	T	IGHV1-61*01	"IGHD2-5*01,IGHD2-6*01"	IGHJ4*01	CAGGTCCAACTGCAGCAGTCTGGGGCT...GAGCTGGTGAGGCCTGGGTCTTCAGTGAAGCTGTCCTGCAAGGCTTCTGGCTACACCTTC............ACCAGCTACTGGATGGATTGGGTGAAGCAGAGGCCTGGACAAGCGCTTGAATGGATTGGTAACATTTACCCTTCT......GATAGTGAAACTCACTACAATCAAATGTTCAGG...GACAAGGCCACATTGACTGTAGACAGATCCTCCAGCACAGCCTACATGCAGCTCAGCAGCCTGACATCTGATGACTCTGCGGTCTATTACTGTGCAAGAGGACCCCACTATAGTAACTACGATGCTCTGGACTACTGGGGTCAAGGAACCTCAGTCACCGTCTCCTCAG	CAGGTCCAACTGCAGCAGCCTGGGGCT...GAGCTGGTGAGGCCTGGGTCTTCAGTGAAGCTGTCCTGCAAGGCTTCTGGCTACACCTTC............ACCAGCTACTGGATGGATTGGGTGAAGCAGAGGCCTGGACAAGGCCTTGAATGGATTGGTAACATTTACCCTTCT......GATAGTGAAACTCACTACAATCAAAAGTTCAAG...GACAAGGCCACATTGACTGTAGACAAATCCTCCAGCACAGCCTACATGCAGCTCAGCAGCCTGACATCTGAGGACTCTGCGGTCTATTACTGTGCAAGANNNNNNNACTATAGTAACTACTATGCTATGGACTACTGGGGTCAAGGAACCTCAGTCACCGTCTCCTCAG	TGTGCAAGAGGACCCCACTATAGTAACTACGATGCTCTGGACTACTGG	CARGPHYSNYDALDYW	76S18=1X111=2X55=1X5=1X26=1X45=1X27=	377S3N11=	388S2N3=1X5=1X42=	F	T	IGH	48	7	0	77	370	1	318	378	388	4	14	389	440	3	54	438	0.97619	9.47E-125	21.8	1	0.046	89.1	0.96154	5.94E-22	CAGGTCCAACTGCAGCAGTCTGGGGCT...GAGCTGGTGAGGCCTGGGTCTTCAGTGAAGCTGTCCTGCAAGGCTTCT	ATGGATTGGGTGAAGCAGAGGCCTGGACAAGCGCTTGAATGGATTGGTAAC	CACTACAATCAAATGTTCAGG...GACAAGGCCACATTGACTGTAGACAGATCCTCCAGCACAGCCTACATGCAGCTCAGCAGCCTGACATCTGATGACTCTGCGGTCTATTACTGT	TGGGGTCAAGGAACCTCAGTCACCGTCTCCTCAG	GGCTACACCTTC............ACCAGCTACTGG	ATTTACCCTTCT......GATAGTGAAACT	GCAAGAGGACCCCACTATAGTAACTACGATGCTCTGGACTAC	ACACCCTGTTTCCACC-1	IGHG3	280	3774_232	2	IGHV1-61	IGHD2-5	IGHJ4	TGTGCAAGAGGACCCCACTATAGTAACTACGATGCTCTGGACTACTGG	CARGPHYSNYDALDYW	CAGGTCCAACTGCAGCAGCCTGGGGCT...GAGCTGGTGAGGCCTGGGTCTTCAGTGAAGCTGTCCTGCAAGGCTTCTGGCTACACCTTC............ACCAGCTACTGGATGGATTGGGTGAAGCAGAGGCCTGGACAAGGCCTTGAATGGATTGGTAACATTTACCCTTCT......GATAGTGAAACTCACTACAATCAAAAGTTCAAG...GACAAGGCCACATTGACTGTAGACAAATCCTCCAGCACAGCCTACATGCAGCTCAGCAGCCTGACATCTGAGGACTCTGCGGTCTATTACTGTGCAAGANNNNNNNNNNNNNNNNNNTACTATGCTATGGACTACTGGGGTCAAGGAACCTCAGTCACCGTCTCCTCAG	IGHV1-61*01	IGHD2-5*01	IGHJ4*01
